,Product Name,Prices,Description,Reviews
0,"vivo X80 (Cosmic Black, 256 GB)","₹49,990",12 GB RAM | 256 GB ROM17.22 cm (6.78 inch) Full HD+ Display50MP + 12MP + 12MP | 32MP Front Camera4500 mAh Lithium BatteryMediatek Dimensity 9000 Processor1 Year on Handset and 6 Months on Accessories,4.5
1,"vivo X70 Pro (Cosmic Black, 256 GB)","₹48,990",12 GB RAM | 256 GB ROM16.66 cm (6.56 inch) Full HD+ Display50MP + 12MP + 12MP + 8MP | 32MP Front Camera4450 mAh BatteryMediaTek Dimensity 1200 Processor1 Year for Handset and 6 Months for In-box Accessories,4.4
2,"realme GT 2 Pro (Paper White, 128 GB)","₹49,999",8 GB RAM | 128 GB ROM17.02 cm (6.7 inch) Quad HD Display50MP + 50MP + 2MP | 32MP Front Camera5000 mAh Lithium Ion BatteryQualcomm Snapdragon 8 Gen 1 Mobile Platform Processor1 Year Manufacturer Warranty for Phone and 6 Months Warranty for In-Box Accessories,4.2
3,"SAMSUNG Galaxy Z Flip3 5G (Phantom Black, 128 GB)","₹49,999",8 GB RAM | 128 GB ROM17.02 cm (6.7 inch) Full HD+ Display12MP + 12MP | 10MP Front Camera3300 mAh Lithium-ion BatteryQualcomm Snapdragon 888 Octa-Core Processor1 Year Manufacturer Warranty for Device and 6 months Manufacturer Warranty for In-Box Accessories,4.3
4,"SAMSUNG Galaxy A54 5G (Awesome Lime, 256 GB)","₹38,999","8 GB RAM | 256 GB ROM | Expandable Upto 1 TB16.26 cm (6.4 inch) Full HD+ Display50MP + 12MP + 5MP | 32MP Front Camera5000 mAh BatteryExynos 1380, Octa Core Processor1 Year Manufacturer Warranty for Device and 6 Months Manufacturer Warranty for In-Box Accessories",4.3
5,"OnePlus 10T 5G (Jade Green, 256 GB)","₹48,990",12 GB RAM | 256 GB ROM17.02 cm (6.7 inch) Display50MP Rear Camera4800 mAh Battery1 year manufacturer warranty for device and 6 months manufacturer warranty for in-box accessories including batteries from the date of purchase,4.2
6,"IQOO 9T 5G (LEGEND, 128 GB)","₹49,499",8 GB RAM | 128 GB ROM17.22 cm (6.78 inch) Display50MP Rear Camera4700 mAh Battery1 Year,4.1
7,"SAMSUNG Galaxy A73 5G (Awesome Gray, 128 GB)","₹38,999",8 GB RAM | 128 GB ROM | Expandable Upto 1 TB17.02 cm (6.7 inch) Full HD+ Display108MP + 12MP + 5MP + 5MP | 32MP Front Camera5000 mAh Li-ion BatteryQualcomm Snapdragon 778G Processor1 Year Manufacturer Warranty for Device and 6 Months Manufacturer Warranty for In-Box,4.2
8,"OnePlus 10T 5G (Moonstone Black, 128 GB)","₹45,699",8 GB RAM | 128 GB ROM17.02 cm (6.7 inch) Display50MP Rear Camera4800 mAh Battery1 Year Manufacturer Warranty for Handset and 6 Months Warranty for In the Box Accessories,4.3
9,"SAMSUNG Galaxy A73 5G (Awesome Mint, 128 GB)","₹46,999",8 GB RAM | 128 GB ROM | Expandable Upto 1 TB17.02 cm (6.7 inch) Full HD+ Display108MP + 12MP + 5MP + 5MP | 32MP Front Camera5000 mAh Li-ion BatteryQualcomm Snapdragon 778G Processor1 Year Manufacturer Warranty for Device and 6 Months Manufacturer Warranty for In-Box,4.2
10,"SAMSUNG Galaxy Z Flip3 5G (Cream, 128 GB)","₹49,999",8 GB RAM | 128 GB ROM17.02 cm (6.7 inch) Full HD+ Display12MP + 12MP | 10MP Front Camera3300 mAh Lithium-ion BatteryQualcomm Snapdragon 888 Octa-Core Processor1 Year Manufacturer Warranty for Device and 6 months Manufacturer Warranty for In-Box Accessories,4.3
11,"OPPO Reno8 Pro 5G (Glazed Black, 256 GB)","₹45,999",12 GB RAM | 256 GB ROM17.02 cm (6.7 inch) Full HD+ AMOLED Display50MP + 8MP + 2MP | 32MP Front Camera4500 mAh Lithium-ion Polymer BatteryMediatek Dimensity 8100 Max Processor1 Year Warranty for Phone and 6 Months Warranty for In-Box Accessories,4.4
12,"IQOO 9 Pro 5G (Dark Cruise, 256 GB)","₹47,467",12 GB RAM | 256 GB ROM17.22 cm (6.78 inch) Full HD+ Display50MP + 50MP + 50MP + 16MP | 16MP Front Camera4700 mAh BatterySnapdragon® 8 Gen 1 Mobile Processor Processor1 year manufacturer warranty,4
13,"realme X50 Pro (Moss Green, 256 GB)","₹33,240",12 GB RAM | 256 GB ROM16.36 cm (6.44 inch) Full HD+ Display64MP + 12MP + 8MP + 2MP | 32MP + 8MP Dual Front Camera4200 mAh Battery5G PhoneQualcomm Snapdragon 865 Processor65W Superdart ChargeBrand Warranty of 1 Year Available for Mobile and 6 Months for Accessories,4.4
14,"OnePlus 10T 5G (Jade Green, 128 GB)","₹43,998","8 GB RAM | 128 GB ROM17.02 cm (6.7 inch) Display50MP Rear Camera4800 mAh Battery1 year on phone, 6 months on accessories",4.3
15,"OnePlus 9 Pro 5G (Morning Mist, 256 GB)","₹49,990",12 GB RAM | 256 GB ROM17.02 cm (6.7 inch) Display48MP Rear Camera4500 mAh Battery1 Year,3.8
16,"OnePlus 9 Pro 5G (Morning Mist, 128 GB)","₹45,999",8 GB RAM | 128 GB ROM17.02 cm (6.7 inch) Display48MP Rear Camera4500 mAh Battery1 Year,4.2
17,"Mi 10T Pro (Cosmic Black, 128 GB)","₹47,999",8 GB RAM | 128 GB ROM16.94 cm (6.67 inch) Full HD+ Display108MP + 13MP + 5MP | 20MP Front Camera5000 mAh Li-ion Polymer BatteryQualcomm Snapdragon 865 Processor144Hz Intelligent AdaptiveSync Display33W Dual Split Flash Charge1 Year Manufacturer Warranty for Device and 6 Months Manufacturer Warranty for In-box Accessories,4.2
18,"realme GT 2 Pro (Steel Black, 128 GB)","₹49,999",8 GB RAM | 128 GB ROM17.02 cm (6.7 inch) Quad HD Display50MP + 50MP + 2MP | 32MP Front Camera5000 mAh Lithium Ion BatteryQualcomm Snapdragon 8 Gen 1 Mobile Platform Processor1 Year Manufacturer Warranty for Phone and 6 Months Warranty for In-Box Accessories,4.2
19,"realme GT 2 Pro (Paper Green, 128 GB)","₹49,999",8 GB RAM | 128 GB ROM17.02 cm (6.7 inch) Quad HD Display50MP + 50MP + 2MP | 32MP Front Camera5000 mAh Lithium Ion BatteryQualcomm Snapdragon 8 Gen 1 Mobile Platform Processor1 Year Manufacturer Warranty for Phone and 6 Months Warranty for In-Box Accessories,4.2
20,"APPLE iPhone 6 Plus (Silver, 64 GB)","₹48,999",64 GB ROM13.97 cm (5.5 inch) Retina HD Display8MP Rear Camera | 1.2MP Front CameraA8 Chip with 64-bit Architecture and M8 Motion Co-processor1 Year Manufacturer Warranty,4.5
21,"APPLE iPhone 8 Plus (Space Grey, 64 GB)","₹49,900","64 GB ROM13.97 cm (5.5 inch) Retina HD Display12MP + 12MP | 7MP Front CameraA11 Bionic Chip with 64-bit Architecture, Neural Engine, Embedded M11 Motion Coprocessor ProcessorBrand Warranty of 1 Year",4.6
22,"APPLE iPhone 8 Plus (Gold, 64 GB)","₹49,900","64 GB ROM13.97 cm (5.5 inch) Retina HD Display12MP + 12MP | 7MP Front CameraA11 Bionic Chip with 64-bit Architecture, Neural Engine, Embedded M11 Motion Coprocessor ProcessorBrand Warranty of 1 Year",4.6
23,"APPLE iPhone 8 Plus (Silver, 64 GB)","₹49,900","64 GB ROM13.97 cm (5.5 inch) Retina HD Display12MP + 12MP | 7MP Front CameraA11 Bionic Chip with 64-bit Architecture, Neural Engine, Embedded M11 Motion Coprocessor ProcessorBrand Warranty of 1 Year",4.6
24,"OnePlus 11R 5G (Sonic Black, 128 GB)","₹39,500",8 GB RAM | 128 GB ROM17.02 cm (6.7 inch) Display50MP Rear Camera | 16MP Front Camera5000 mAh BatteryDomestic warranty of 12 months on phone & 6 months on accessories,4.5
25,"OnePlus 11R 5G (Sonic Black, 256 GB)","₹43,444",16 GB RAM | 256 GB ROM17.02 cm (6.7 inch) Display50MP Rear Camera5000 mAh BatteryDomestic warranty of 12 months on phone & 6 months on accessries,4.5
26,"APPLE iPhone 11 (White, 128 GB)","₹40,999",128 GB ROM15.49 cm (6.1 inch) Liquid Retina HD Display12MP + 12MP | 12MP Front CameraA13 Bionic Chip ProcessorBrand Warranty of 1 Year,4.6
27,"OnePlus 11R 5G (Sonic Black, 256 GB)","₹44,898",16 GB RAM | 256 GB ROM17.02 cm (6.7 inch) Display50MP Rear Camera5000 mAh BatteryDomestic Warranty of 12 Months on Phone & 6 Months on Accessories,4.5
28,"Xiaomi 12 Pro 5G (Opera Mauve, 256 GB)","₹44,999",12 GB RAM | 256 GB ROM17.09 cm (6.73 inch) Full HD+ Display50MP + 50MP + 50MP | 32MP Front Camera4600 mAh Lithium Polymer BatterySnapdragon 8 Gen 1 Processor1 Year Manufacturer Warranty for Phone and 6 Months Warranty for In the Box Accessories,4.1
29,"OPPO Reno10 Pro 5G (Silvery Grey, 256 GB)","₹39,999",12 GB RAM | 256 GB ROM17.02 cm (6.7 inch) Full HD+ Display50MP + 32MP + 8MP | 32MP Front Camera4600 mAh BatterySnapdragon 778G 5G Processor1 Year Manufacturer Warranty for Phone and 6 Months Warranty for In the Box Accessories,4.3
30,"APPLE iPhone SE 3rd Gen (Product (Red), 256 GB)","₹44,999","256 GB ROM11.94 cm (4.7 inch) Retina HD Display12MP Rear Camera | 7MP Front CameraA15 Bionic Chip, 6 Core Processor ProcessorBrand Warranty of 1 Year",4.4
31,"OPPO Reno10 Pro 5G (Glossy Purple, 256 GB)","₹39,999",12 GB RAM | 256 GB ROM17.02 cm (6.7 inch) Full HD+ Display50MP + 32MP + 8MP | 32MP Front Camera4600 mAh BatterySnapdragon 778G 5G Processor1 Year Manufacturer Warranty for Phone and 6 Months Warranty for In the Box Accessories,4.3
32,"Tecno Phantom X2 Pro Retractable 50MP Portrait Lens (Mars Orange, 256 GB)","₹44,990",12 GB RAM | 256 GB ROM17.27 cm (6.8 inch) Full HD+ Display50MP + 50MP + 13MP | 32MP Front Camera5160 mAh BatteryMediaTek Dimensity 9000 MT6983 ProcessorDomestic Warranty of 12 Months on Phone & 6 Months on Accessories,4.3
33,"vivo V27 Pro 5G (Magic Blue, 256 GB)","₹39,999",8 GB RAM | 256 GB ROM17.22 cm (6.78 inch) Full HD+ Display50MP (OIS) + 8MP + 2MP | 50MP Front Camera4600 mAh BatteryMediatek Dimensity 8200 Processor1 Year Manufacturer Warranty for Phone and 6 Months Warranty for In the Box Accessories,4.4
34,"Nothing Phone (2) (Dark Grey, 128 GB)","₹44,999",8 GB RAM | 128 GB ROM17.02 cm (6.7 inch) Full HD+ Display50 MP(OIS) +50MP | 32MP Front Camera4700 mAh Lithium ion BatteryQualcomm Snapdragon 8+ Gen 1 ProcessorLTPO AMOLED (1 Hz - 120 Hz)1 Year Manufacturing Warranty,4.4
35,"Google Pixel 7a (Sea, 128 GB)","₹43,999",8 GB RAM | 128 GB ROM15.49 cm (6.1 inch) Full HD+ Display64MP (OIS) + 13MP | 13MP Front Camera4300 mAh BatteryTensor G2 Processor1 Year Domestic Warranty,4
36,"Google Pixel 7a (Charcoal, 128 GB)","₹43,999",8 GB RAM | 128 GB ROM15.49 cm (6.1 inch) Full HD+ Display64MP (OIS) + 13MP | 13MP Front Camera4300 mAh BatteryTensor G2 Processor1 Year Domestic Warranty,4
37,"Google Pixel 7a (Snow, 128 GB)","₹43,999",8 GB RAM | 128 GB ROM15.49 cm (6.1 inch) Full HD+ Display64MP (OIS) + 13MP | 13MP Front Camera4300 mAh BatteryTensor G2 Processor1 Year Domestic Warranty,4
38,"Xiaomi 12 Pro 5G (Noir Black, 256 GB)","₹44,999",12 GB RAM | 256 GB ROM17.09 cm (6.73 inch) Full HD+ Display50MP + 50MP + 50MP | 32MP Front Camera4600 mAh Lithium Polymer BatterySnapdragon 8 Gen 1 Processor1 Year Manufacturer Warranty for Phone and 6 Months Warranty for In the Box Accessories,4.1
39,"vivo V27 Pro 5G (Magic Blue, 128 GB)","₹37,999",8 GB RAM | 128 GB ROM17.22 cm (6.78 inch) Full HD+ Display50MP (OIS) + 8MP + 2MP | 50MP Front Camera4600 mAh BatteryMediatek Dimensity 8200 Processor1 Year Manufacturer Warranty for Phone and 6 Months Warranty for In the Box Accessories,4.4
40,"Xiaomi 12 Pro 5G (Noir Black, 256 GB)","₹41,999",8 GB RAM | 256 GB ROM17.09 cm (6.73 inch) Full HD+ Display50MP + 50MP + 50MP | 32MP Front Camera4600 mAh Lithium Polymer BatterySnapdragon 8 Gen 1 Processor1 Year Manufacturer Warranty for Phone and 6 Months Warranty for In the Box Accessories,4.1
41,"IQOO 9 Pro 5G (Legend, 256 GB)","₹44,990",8 GB RAM | 256 GB ROM17.22 cm (6.78 inch) Full HD+ Display50MP + 50MP + 16MP | 16MP Front Camera4700 mAh BatterySnapdragon® 8 Gen 1 Mobile Processor Processor1 year manufacturer warranty,3.8
42,"Xiaomi 12 Pro 5G (Couture Blue, 256 GB)","₹44,999",12 GB RAM | 256 GB ROM17.09 cm (6.73 inch) Full HD+ Display50MP + 50MP + 50MP | 32MP Front Camera4600 mAh Lithium Polymer BatterySnapdragon 8 Gen 1 Processor1 Year Manufacturer Warranty for Phone and 6 Months Warranty for In the Box Accessories,4.1
43,"IQOO Neo 7 pro (Fearless Flame, 256 GB)","₹44,800",12 GB RAM | 256 GB ROM17.22 cm (6.78 inch) Display50MP Rear Camera5000 mAh BatteryDomestic 1 Year of Device & 6 Months for In-Box Accessories,4.5
44,"OnePlus 10R 5G (Forest Green, 256 GB)","₹38,999",12 GB RAM | 256 GB ROM17.02 cm (6.7 inch) Display50MP Rear Camera5000 mAh Battery12 months,4.2
45,"OnePlus 10R 5G (Sierra Black, 256 GB)","₹37,400",12 GB RAM | 256 GB ROM17.02 cm (6.7 inch) Display50MP Rear Camera4500 mAh Battery1 Year Manufacturer Warranty for Handset and 6 Months Warranty for In the Box Accessories,4.2
46,"OnePlus 10R (Forest Green, 256 GB)","₹37,999",12 GB RAM | 256 GB ROM17.02 cm (6.7 inch) Display50MP Rear Camera | 16MP Front Camera5000 mAh Battery1 Year Manufacturer Warranty for Handset and 6 Months Warranty for In the Box Accessories,4.1
47,"OnePlus 10R 5G (Sierra Black, 256 GB)","₹39,999",12 GB RAM | 256 GB ROM17.02 cm (6.7 inch) Display50MP Rear Camera5000 mAh Battery1 Year Manufacturer Warranty for Handset and 6 Months Warranty for In the Box Accessories,4.2
48,"OnePlus 9 5G (Astral Black, 256 GB)","₹39,999",12 GB RAM | 256 GB ROM16.81 cm (6.62 inch) Display48MP Rear Camera4500 mAh Battery12 months,4
49,"IQOO 9 Pro 5G (Dark Cruise, 256 GB)","₹44,990",8 GB RAM | 256 GB ROM17.22 cm (6.78 inch) Full HD+ Display50MP + 50MP + 50MP + 16MP | 16MP Front Camera4700 mAh BatterySnapdragon® 8 Gen 1 Mobile Processor Processor1 year manufacturer warranty,3.8
50,"IQOO 9T 5G (LEGEND, 128 GB)","₹42,717",8 GB RAM | 128 GB ROM17.22 cm (6.78 inch) Display50MP Rear Camera4700 mAh Battery1 Year,4.1
51,"IQOO 9 5G (Phoenix, 128 GB)","₹41,990",8 GB RAM | 128 GB ROM16.66 cm (6.56 inch) Display48MP + 48MP + 13MP + 13MP | 16MP + 16MP Dual Front Camera4350 mAh Battery1 Year,4
52,"OnePlus 9 5G (Winter Mist, 256 GB)","₹39,900",12 GB RAM | 256 GB ROM16.64 cm (6.55 inch) Display48MP Rear Camera4500 mAh Battery1 Year,4
53,"Xiaomi 12 Pro 5G (Opera Mauve, 256 GB)","₹41,999",8 GB RAM | 256 GB ROM17.09 cm (6.73 inch) Full HD+ Display50MP + 50MP + 50MP | 32MP Front Camera4600 mAh Lithium Polymer BatterySnapdragon 8 Gen 1 Processor1 Year Manufacturer Warranty for Phone and 6 Months Warranty for In the Box Accessories,4.1
54,"APPLE iPhone 11 (Red, 128 GB)","₹40,999",128 GB ROM15.49 cm (6.1 inch) Liquid Retina HD Display12MP + 12MP | 12MP Front CameraA13 Bionic Chip ProcessorBrand Warranty of 1 Year,4.6
55,"realme X50 Pro (Moss Green, 128 GB)","₹29,999",8 GB RAM | 128 GB ROM16.36 cm (6.44 inch) Full HD+ Display64MP + 12MP + 8MP + 2MP | 32MP + 8MP Dual Front Camera4200 mAh Battery5G PhoneQualcomm Snapdragon 865 Processor65W Superdart ChargeBrand Warranty of 1 Year Available for Mobile and 6 Months for Accessories,4.4
56,"OnePlus 8T 5G (Aquamarine Green, 128 GB)","₹42,999",8 GB RAM | 128 GB ROM16.64 cm (6.55 inch) Display48MP Rear Camera4500 mAh Battery12 months,4.4
57,"OnePlus 9RT 5G (Hacker Black, 256 GB)","₹42,899",12 GB RAM | 256 GB ROM16.81 cm (6.62 inch) Display50MP Rear Camera4500 mAh Battery12 months,4.1
58,"IQOO 9T 5G (LEGEND, 128 GB)","₹44,999",8 GB RAM | 128 GB ROM17.22 cm (6.78 inch) Display50MP Rear Camera4700 mAh Battery1 Year,4.1
59,"Mi 10T (Lunar Silver, 128 GB)","₹24,990",8 GB RAM | 128 GB ROM16.94 cm (6.67 inch) Full HD+ Display64MP + 13MP + 5MP | 20MP Front Camera5000 mAh Li-ion Polymer BatteryQualcomm Snapdragon 865 Processor144Hz Intelligent AdaptiveSync Display33W Dual Split Flash Charge1 Year Manufacturer Warranty for Device and 6 Months Manufacturer Warranty for In-box Accessories,4.1
60,"APPLE iPhone 11 (Black, 64 GB)","₹37,999",64 GB ROM15.49 cm (6.1 inch) Liquid Retina HD Display12MP + 12MP | 12MP Front CameraA13 Bionic Chip ProcessorBrand Warranty of 1 Year,4.6
61,"OnePlus 11R 5G (Sonic Black, 128 GB)","₹39,448",8 GB RAM | 128 GB ROM17.02 cm (6.7 inch) Display50MP Rear Camera5000 mAh BatteryDomestic warranty of 12 months on phone & 6 months on accessories,4.5
62,"OnePlus 10R (Sierra Black, 128 GB)","₹28,147",8 GB RAM | 128 GB ROM17.02 cm (6.7 inch) Display50MP Rear Camera | 16MP Front Camera5000 mAh Battery1 Year Manufacturer Warranty for Handset and 6 Months Warranty for In the Box Accessories,4.3
63,"OnePlus 10R (Forest Green, 128 GB)","₹28,247",8 GB RAM | 128 GB ROM17.02 cm (6.7 inch) Display50MP Rear Camera | 16MP Front Camera5000 mAh Battery1 Year Manufacturer Warranty for Handset and 6 Months Warranty for In the Box Accessories,4.3
64,"OPPO Reno10 5G (Silvery Grey, 256 GB)","₹32,999",8 GB RAM | 256 GB ROM17.02 cm (6.7 inch) Full HD+ Display64MP + 32MP + 8MP | 32MP Front Camera5000 mAh BatteryDimensity 7050 Processor1 Year Manufacturer Warranty for Phone and 6 Months Warranty for In the Box Accessories,4.2
65,"OPPO Reno10 5G (Ice Blue, 256 GB)","₹32,999",8 GB RAM | 256 GB ROM17.02 cm (6.7 inch) Full HD+ Display64MP + 32MP + 8MP | 32MP Front Camera5000 mAh BatteryDimensity 7050 Processor1 Year Manufacturer Warranty for Phone and 6 Months Warranty for In the Box Accessories,4.2
66,"OnePlus Nord 3 5G (Misty Green, 256 GB)","₹37,399",16 GB RAM | 256 GB ROM17.12 cm (6.74 inch) Display50MP Rear Camera5000 mAh BatteryDomestic 1 Year of Device & 6 Months for In-Box Accessories,4.3
67,"OnePlus Nord 3 5G (Tempest Gray, 256 GB)","₹36,720",16 GB RAM | 256 GB ROM17.12 cm (6.74 inch) Display50MP Rear Camera5000 mAh BatteryDomestic 1 Year of Device & 6 Months for In-Box Accessories,4.3
68,"vivo V27 5G (Magic Blue, 128 GB)","₹32,999",8 GB RAM | 128 GB ROM17.22 cm (6.78 Inch) Full HD+ AMOLED Display50MP (OIS) + 8MP + 2MP | 50MP Front Camera4600 mAh BatteryMediatek Dimensity 7200 5G Processor1 Year Brand Warranty,4.4
69,"vivo V27 5G (Noble Black, 128 GB)","₹32,999",8 GB RAM | 128 GB ROM17.22 cm (6.78 Inch) Full HD+ AMOLED Display50MP (OIS) + 8MP + 2MP | 50MP Front Camera4600 mAh BatteryMediatek Dimensity 7200 5G Processor1 Year Brand Warranty,4.4
70,"OnePlus 11R 5G (Sonic Black, 128 GB)","₹39,450",8 GB RAM | 128 GB ROM17.02 cm (6.7 inch) Display50MP Rear Camera5000 mAh BatteryDomestic warranty of 12 months on phone & 6 months on accessories,4.5
71,"APPLE iPhone 11 (White, 64 GB)","₹37,999",64 GB ROM15.49 cm (6.1 inch) Liquid Retina HD Display12MP + 12MP | 12MP Front CameraA13 Bionic Chip ProcessorBrand Warranty of 1 Year,4.6
72,"APPLE iPhone SE 3rd Gen (Starlight, 128 GB)","₹36,999","128 GB ROM11.94 cm (4.7 inch) Retina HD Display12MP Rear Camera | 7MP Front CameraA15 Bionic Chip, 6 Core Processor ProcessorBrand Warranty of 1 Year",4.4
73,"APPLE iPhone 11 (White, 64 GB)","₹37,999",64 GB ROM15.49 cm (6.1 inch) Liquid Retina HD Display12MP + 12MP | 12MP Front CameraA13 Bionic Chip ProcessorBrand Warranty of 1 Year,4.6
74,"APPLE iPhone SE 3rd Gen (Product (Red), 128 GB)","₹36,999","128 GB ROM11.94 cm (4.7 inch) Retina HD Display12MP Rear Camera | 7MP Front CameraA15 Bionic Chip, 6 Core Processor ProcessorBrand Warranty of 1 Year",4.4
75,"OnePlus 11R 5G (Sonic Black, 128 GB)","₹39,887",8 GB RAM | 128 GB ROM17.02 cm (6.7 inch) Display50MP Rear Camera5000 mAh BatteryDomestic warranty of 12 months on phone & 6 months on accessories,4.5
76,"Mi 10T (Cosmic Black, 128 GB)","₹35,999",6 GB RAM | 128 GB ROM16.94 cm (6.67 inch) Full HD+ Display64MP + 13MP + 5MP | 20MP Front Camera5000 mAh Li-ion Polymer BatteryQualcomm Snapdragon 865 Processor144Hz Intelligent AdaptiveSync Display33W Dual Split Flash Charge1 Year Manufacturer Warranty for Device and 6 Months Manufacturer Warranty for In-box Accessories,4.2
77,"vivo V25 Pro 5G (Sailing Blue, 128 GB)","₹26,106",8 GB RAM | 128 GB ROM16.66 cm (6.56 inch) Full HD+ Display64MP + 8MP + 2MP | 32MP Front Camera4830 mAh Lithium BatteryMediatek Dimensity 1300 ProcessorColor Changing Fluorite AG Glass Design120 Hz 3D Curve Display1 Year on Handset and 6 Months on Accessories,4.3
78,"IQOO Neo 7 Pro (Dark Strom, 128 GB)","₹36,250",8 GB RAM | 128 GB ROM17.22 cm (6.78 inch) Display50MP Rear Camera5000 mAh BatteryDomestic 1 Year of Device & 6 Months for In-Box Accessories,4.5
79,"SAMSUNG Galaxy A54 5G (Awesome Graphite, 256 GB)","₹38,999","8 GB RAM | 256 GB ROM | Expandable Upto 1 TB16.26 cm (6.4 inch) Full HD+ Display50MP + 12MP + 5MP | 32MP Front Camera5000 mAh BatteryExynos 1380, Octa Core Processor1 Year Manufacturer Warranty for Device and 6 Months Manufacturer Warranty for In-Box Accessories",4.3
80,"SAMSUNG Galaxy A34 5G (Awesome Graphite, 256 GB)","₹30,999","8 GB RAM | 256 GB ROM | Expandable Upto 1 TB16.76 cm (6.6 inch) Full HD+ Display48MP + 8MP + 5MP | 13MP Front Camera5000 mAh Li-ion Battery BatteryDimensity 1080, Octa Core Processor1 year manufacturer warranty for device and 6 months manufacturer warranty for in-box accessories",4.2
81,"vivo V25 Pro 5G (Pure Black, 128 GB)","₹28,249",8 GB RAM | 128 GB ROM16.66 cm (6.56 inch) Full HD+ Display64MP + 8MP + 2MP | 32MP Front Camera4830 mAh Lithium BatteryMediatek Dimensity 1300 ProcessorColor Changing Fluorite AG Glass Design120 Hz 3D Curve Display1 Year on Handset and 6 Months on Accessories,4.3
82,"Tecno Phantom X2 5G Dual Curved AMOLED Display (Stardust Grey, 256 GB)","₹36,980",8 GB RAM | 256 GB ROM17.27 cm (6.8 inch) Display64MP Rear Camera5160 mAh Battery12 month on smart phone & 6 months on accessories in the box domestic warranty,3.3
83,"OnePlus 10R 5G (Sierra Black, 256 GB)","₹37,990",12 GB RAM | 256 GB ROM17.02 cm (6.7 inch) Display50MP Rear Camera5000 mAh Battery1 Year Manufacturer Warranty for Handset and 6 Months Warranty for In the Box Accessories,4.2
84,"APPLE iPhone SE 3rd Gen (Midnight, 128 GB)","₹36,999","128 GB ROM11.94 cm (4.7 inch) Retina HD Display12MP Rear Camera | 7MP Front CameraA15 Bionic Chip, 6 Core Processor ProcessorBrand Warranty of 1 Year",4.4
85,"vivo V27 Pro 5G (Noble Black, 128 GB)","₹37,999",8 GB RAM | 128 GB ROM17.22 cm (6.78 inch) Full HD+ Display50MP (OIS) + 8MP + 2MP | 50MP Front Camera4600 mAh BatteryMediatek Dimensity 8200 Processor1 Year Manufacturer Warranty for Phone and 6 Months Warranty for In the Box Accessories,4.4
86,"vivo V23 Pro 5G (Stardust Black, 128 GB)","₹38,990",8 GB RAM | 128 GB ROM | Expandable Upto 12 GB16.66 cm (6.56 inch) Full HD+ Display108MP + 8MP + 2MP | 50MP + 8MP Dual Front Camera4300 mAh Lithium BatteryMediatek Dimensity 1200 Processor1 Year Manufacturer Warranty for Phone and 6 Months Warranty for In the Box Accessories,4.3
87,"SAMSUNG Galaxy A73 5G (Awesome Gray, 256 GB)","₹49,490",8 GB RAM | 256 GB ROM | Expandable Upto 1 TB17.02 cm (6.7 inch) Full HD+ Display108MP + 12MP + 5MP + 5MP | 32MP Front Camera5000 mAh Li-ion BatteryQualcomm Snapdragon 778G Processor1 Year Manufacturer Warranty for Device and 6 Months Manufacturer Warranty for In-Box,4.2
88,"OnePlus 9 Pro 5G (Stellar Black, 128 GB)","₹49,999",8 GB RAM | 128 GB ROM17.02 cm (6.7 inch) Display48MP Rear Camera4500 mAh Battery1 Year Manufacturer Warranty for Handset and 6 Months Warranty for In the Box Accessories,4.2
89,"OnePlus 9 Pro 5G (Morning Mist, 256 GB)","₹49,999",12 GB RAM | 256 GB ROM17.02 cm (6.7 inch) Display48MP Rear Camera4500 mAh Battery1 Year,3.8
90,"OnePlus 11R 5G (Galactic Silver, 128 GB)","₹38,999",8 GB RAM | 128 GB ROM17.02 cm (6.7 inch) Display50MP Rear Camera5000 mAh BatteryDomestic warranty of 12 months on phone & 6 months on accessories,4.5
91,"IQOO Neo 7 Pro (Dark Storm, 256 GB)","₹41,970",12 GB RAM | 256 GB ROM17.22 cm (6.78 inch) Display50MP Rear Camera5000 mAh BatteryDomestic 1 Year of Device & 6 Months for In-Box Accessories,4.5
92,"SAMSUNG Galaxy A52s 5G (Awesome Black, 128 GB)","₹40,999",8 GB RAM | 128 GB ROM | Expandable Upto 1 TB16.51 cm (6.5 inch) Full HD+ Display64MP + 12MP + 5MP + 5MP | 32MP Front Camera4500 mAh Li-ion BatteryQualcomm Snapdragon 778G Processor1 Year Manufacturer Warranty for Device and 6 Months Manufacturer Warranty for In-box Accessories,4.2
93,"OnePlus 7T Pro Mclaren Limited Edition (Papaya Orange, 256 GB)","₹44,990",12 GB RAM | 256 GB ROM16.94 cm (6.67 inch) Display48MP Rear Camera | 8MP Front Camera4085 mAh Battery1 year manufacturer warranty for device and 6 months manufacturer warranty for in-box accessories including batteries from the date of purchase,4.1
94,"vivo V27 5G (Noble Black, 256 GB)","₹39,499",12 GB RAM | 256 GB ROM17.22 cm (6.78 Inch) Full HD+ AMOLED Display50MP (OIS) + 8MP + 2MP | 50MP Front Camera4600 mAh BatteryMediatek Dimensity 7200 5G Processor1 Year Brand Warranty,4.4
95,"vivo V25 Pro 5G (Pure Black, 256 GB)","₹29,775",12 GB RAM | 256 GB ROM16.66 cm (6.56 inch) Full HD+ Display64MP + 8MP + 2MP | 32MP Front Camera4830 mAh Lithium BatteryMediatek Dimensity 1300 ProcessorColor Changing Fluorite AG Glass Design120 Hz 3D Curve Display1 Year on Handset and 6 Months on Accessories,4.3
96,"OPPO Reno8T 5G (Midnight Black, 128 GB)","₹29,999",8 GB RAM | 128 GB ROM | Expandable Upto 1 TB17.02 cm (6.7 inch) Full HD+ Display108MP + 2MP + 2MP | 32MP Front Camera4800 mAh Lithium-ion Polymer BatteryQualcomm Snapdragon 695 Processor67W SUPERVOOC TM Charger I Dual Stereo Speakers120Hz 3D Curved AMOLED Screen1 Year on Handset and 6 Months on Accessories,4.3
97,"OnePlus 10R 5G (Sierra Black, 256 GB)","₹35,990",12 GB RAM | 256 GB ROM17.02 cm (6.7 inch) Display50MP Rear Camera | 16MP Front Camera5000 mAh Battery1 Year Manufacturer Warranty for Handset and 6 Months Warranty for In the Box Accessories,4.2
98,"Tecno Phantom X2 5G Dual Curved AMOLED Display (Moonlight Silver, 256 GB)","₹36,999",8 GB RAM | 256 GB ROM17.27 cm (6.8 inch) Display64MP Rear Camera5160 mAh Battery12 months on smart phone & 6 months on accessories in the box domestic warranty,3.3
99,"POCO F4 5G (Nebula Green, 256 GB)","₹39,999",12 GB RAM | 256 GB ROM16.94 cm (6.67 inch) Full HD+ Display64MP + 8MP + 2MP | 20MP Front Camera4500 mAh Lithium-ion Polymer BatteryQualcomm Snapdragon 870 Processor2 Years Brand Warranty,4.3
100,"SAMSUNG Galaxy S20 FE (Cloud Mint, 128 GB)","₹26,998",8 GB RAM | 128 GB ROM16.51 cm (6.5 inch) Display12MP Rear Camera4500 mAh Battery1 year manufacturer warranty for device and 6 months manufacturer warranty for in-box accessories including batteries from the date of purchase,4
101,"SAMSUNG Galaxy S21 FE 5G (Graphite, 128 GB)","₹39,999",8 GB RAM | 128 GB ROM16.26 cm (6.4 inch) Full HD+ Display12MP + 12MP + 8MP (OIS) | 32MP Front Camera4500 mAh Lithium-ion Battery1 Year Manufacturer Warranty for Device and 6 Months Manufacturer Warranty for In-Box Accessories,4.3
102,"SAMSUNG Galaxy S21 FE 5G (Lavender, 128 GB)","₹39,999",8 GB RAM | 128 GB ROM16.26 cm (6.4 inch) Full HD+ Display12MP + 12MP + 8MP (OIS) | 32MP Front Camera4500 mAh Lithium-ion Battery5nm Exynos 2100 Processor1 Year Manufacturer Warranty for Device and 6 Months Manufacturer Warranty for In-Box Accessories,4.3
103,"IQOO neo 7 pro (Fearless Flame, 128 GB)","₹38,844",8 GB RAM | 128 GB ROM17.2 cm (6.77 inch) Display50MP Rear Camera5000 mAh Battery1 year,4.5
104,"SAMSUNG Galaxy A53 (Awesome Blue, 256 GB)","₹36,500",8 GB RAM | 256 GB ROM | Expandable Upto 1 TB16.51 cm (6.5 inch) Full HD+ Display64MP + 12MP + 5MP + 5MP | 32MP Front Camera5000 mAh Lithium Ion BatteryExynos Octa Core Processor Processor1 Year Manufacturer Warranty for Device and 6 Months Manufacturer Warranty for In-Box,4.1
105,"OnePlus Nord 2 5G (Blue Haze, 256 GB)","₹35,999",12 GB RAM | 256 GB ROM16.33 cm (6.43 inch) Display50MP Rear Camera4500 mAh Battery1 year Warranty,4.2
106,"SAMSUNG Galaxy A53 (Awesome Blue, 128 GB)","₹33,499",8 GB RAM | 128 GB ROM | Expandable Upto 1 TB16.51 cm (6.5 inch) Full HD+ Display64MP + 12MP + 5MP + 5MP | 32MP Front Camera5000 mAh Lithium Ion BatteryExynos Octa Core Processor Processor1 Year Manufacturer Warranty for Device and 6 Months Manufacturer Warranty for In-Box,4.1
107,"vivo X60 (Shimmer Blue, 128 GB)","₹36,990",8 GB RAM | 128 GB ROM16.66 cm (6.56 inch) Full HD+ Display48MP + 13MP + 13MP | 32MP Front Camera4300 mAh Lithium-ion BatteryQualcomm Snapdragon 870 ProcessorAMOLED Display1 Year for Handset and 6 Months for In-box Accessories,4.4
108,"Mi 11X Pro 5G (Lunar White, 256 GB)","₹39,999",8 GB RAM | 256 GB ROM16.94 cm (6.67 inch) Full HD+ Display108MP + 8MP + 5MP | 20MP Front Camera4520 mAh BatteryQualcomm Snapdragon 888 Processor1 Year Manufacturer Warranty for Device and 6 Months Manufacturer Warranty for In-box Accessories,4
109,"OnePlus 9 5G (Astral Black, 128 GB)","₹37,999",8 GB RAM | 128 GB ROM16.64 cm (6.55 inch) Display48MP Rear Camera4500 mAh Battery12 months,3.9
110,"OnePlus 9 5G (Arctic Sky, 128 GB)","₹37,980",8 GB RAM | 128 GB ROM16.64 cm (6.55 inch) Display48MP Rear Camera | 16MP Front Camera4500 mAh Battery12 months,3.9
111,"vivo V27 5G (Noble Black, 256 GB)","₹39,499",12 GB RAM | 256 GB ROM17.22 cm (6.78 Inch) Full HD+ AMOLED Display50MP + 8MP + 2MP | 50MP Front Camera4600 mAh BatteryMediatek Dimensity 7200 5G Processor1 Year Brand Warranty,4.4
112,"SAMSUNG Galaxy S21 FE 5G (Olive Green, 128 GB)","₹39,999",8 GB RAM | 128 GB ROM16.26 cm (6.4 inch) Full HD+ Display12MP + 12MP + 8MP (OIS) | 32MP Front Camera4500 mAh Lithium-ion Battery1 Year Manufacturer Warranty for Device and 6 Months Manufacturer Warranty for In-Box Accessories,4.3
113,"SAMSUNG Galaxy A54 5G (Awesome Violet, 256 GB)","₹38,999","8 GB RAM | 256 GB ROM | Expandable Upto 1 TB16.26 cm (6.4 inch) Full HD+ Display50MP + 12MP + 5MP | 32MP Front Camera5000 mAh BatteryExynos 1380, Octa Core Processor1 Year Manufacturer Warranty for Device and 6 Months Manufacturer Warranty for In-Box Accessories",4.3
114,"realme GT Neo 3T (Drifting White, 128 GB)","₹36,999",8 GB RAM | 128 GB ROM16.81 cm (6.62 inch) Full HD+ AMOLED Display64MP + 8MP + 2MP | 16MP Front Camera5000 mAh Lithium Ion BatteryQualcomm Snapdragon 870 Processor1 Year Manufacturer Warranty for Phone and 6 Months Warranty for In-Box Accessories,4.3
115,"realme GT Neo 3T (Dash Yellow, 256 GB)","₹38,999",8 GB RAM | 256 GB ROM16.81 cm (6.62 inch) Full HD+ AMOLED Display64MP + 8MP + 2MP | 16MP Front Camera5000 mAh Lithium Ion BatteryQualcomm Snapdragon 870 Processor1 Year Manufacturer Warranty for Phone and 6 Months Warranty for In-Box Accessories,4.3
116,"realme GT Neo 3T (Drifting White, 256 GB)","₹38,999",8 GB RAM | 256 GB ROM16.81 cm (6.62 inch) Full HD+ AMOLED Display64MP + 8MP + 2MP | 16MP Front Camera5000 mAh Lithium Ion BatteryQualcomm Snapdragon 870 Processor1 Year Manufacturer Warranty for Phone and 6 Months Warranty for In-Box Accessories,4.3
117,"IQOO 9 5G (Alpha, 128 GB)","₹32,990",8 GB RAM | 128 GB ROM16.66 cm (6.56 inch) Display48MP + 48MP + 13MP + 13MP | 16MP + 16MP Dual Front Camera4350 mAh Battery1 Year,4
118,"OnePlus 10R 5G (Sierra Black, 256 GB)","₹37,990",12 GB RAM | 256 GB ROM17.02 cm (6.7 inch) Display50MP Rear Camera4500 mAh Battery1 Year Manufacturer Warranty for Handset and 6 Months Warranty for In the Box Accessories,4.2
119,"SAMSUNG Galaxy A53 (Awesome Black, 256 GB)","₹36,500",8 GB RAM | 256 GB ROM | Expandable Upto 1 TB16.51 cm (6.5 inch) Full HD+ Display64MP + 12MP + 5MP + 5MP | 32MP Front Camera5000 mAh Lithium Ion BatteryExynos Octa Core Processor Processor1 Year Manufacturer Warranty for Device and 6 Months Manufacturer Warranty for In-Box,4.1
120,"realme GT Neo 3T (Drifting White, 128 GB)","₹36,999",8 GB RAM | 128 GB ROM16.81 cm (6.62 inch) Full HD+ AMOLED Display64MP + 8MP + 2MP | 16MP Front Camera5000 mAh Lithium Ion BatteryQualcomm Snapdragon 870 Processor1 Year Manufacturer Warranty for Phone and 6 Months Warranty for In-Box Accessories,4.3
121,"OnePlus 10R 5G (Sierra Black, 256 GB)","₹37,990",12 GB RAM | 256 GB ROM17.02 cm (6.7 inch) Display50MP Rear Camera4500 mAh Battery1 Year Manufacturer Warranty for Handset and 6 Months Warranty for In the Box Accessories,4.2
122,"realme GT Neo 3T (Dash Yellow, 128 GB)","₹36,999",8 GB RAM | 128 GB ROM16.81 cm (6.62 inch) Full HD+ AMOLED Display64MP + 8MP + 2MP | 16MP Front Camera5000 mAh Lithium Ion BatteryQualcomm Snapdragon 870 Processor1 Year Manufacturer Warranty for Phone and 6 Months Warranty for In-Box Accessories,4.3
123,"SAMSUNG Galaxy S20 FE (Cloud White, 128 GB)","₹35,999",8 GB RAM | 128 GB ROM | Expandable Upto 1 TB16.51 cm (6.5 inch) Full HD+ Display12MP + 12MP + 8MP Rear Camera | 32MP Front Camera4500 mAh Lithium Ion BatteryExynos Octa Core ProcessorSuper AMOLED Display | 120 Hz RateIP68 Rating1 Year Warranty Provided by the Manufacturer from Date of Purchase,4
124,"realme GT Neo 3T (Dash Yellow, 256 GB)","₹38,999",8 GB RAM | 256 GB ROM16.81 cm (6.62 inch) Full HD+ AMOLED Display64MP + 8MP + 2MP | 16MP Front Camera5000 mAh Lithium Ion BatteryQualcomm Snapdragon 870 Processor1 Year Manufacturer Warranty for Phone and 6 Months Warranty for In-Box Accessories,4.3
125,"OnePlus 9 5G (Arctic Sky, 256 GB)","₹39,900",12 GB RAM | 256 GB ROM16.64 cm (6.55 inch) Display48MP Rear Camera4500 mAh Battery12 months,4
126,"APPLE iPhone 11 (Purple, 64 GB)","₹37,999",64 GB ROM15.49 cm (6.1 inch) Liquid Retina HD Display12MP + 12MP | 12MP Front CameraA13 Bionic Chip ProcessorBrand Warranty of 1 Year,4.6
127,"SAMSUNG Galaxy S21 FE 5G (White, 128 GB)","₹39,999",8 GB RAM | 128 GB ROM16.26 cm (6.4 inch) Full HD+ Display12MP + 12MP + 8MP (OIS) | 32MP Front Camera4500 mAh Lithium-ion Battery1 Year Manufacturer Warranty for Device and 6 Months Manufacturer Warranty for In-Box Accessories,4.3
128,"Mi 10T (Cosmic Black, 128 GB)","₹37,999",8 GB RAM | 128 GB ROM16.94 cm (6.67 inch) Full HD+ Display64MP + 13MP + 5MP | 20MP Front Camera5000 mAh Li-ion Polymer BatteryQualcomm Snapdragon 865 Processor144Hz Intelligent AdaptiveSync Display33W Dual Split Flash Charge1 Year Manufacturer Warranty for Device and 6 Months Manufacturer Warranty for In-box Accessories,4.1
129,"OnePlus 10R 5G (Sierra Black, 256 GB)","₹39,000",12 GB RAM | 256 GB ROM17.02 cm (6.7 inch) Display50MP Rear Camera4500 mAh Battery1 Year Manufacturer Warranty for Handset and 6 Months Warranty for In the Box Accessories,4.2
130,"IQOO 9 5G (Phoenix, 256 GB)","₹37,967",12 GB RAM | 256 GB ROM16.66 cm (6.56 inch) Display48MP + 48MP + 13MP + 13MP | 16MP Front Camera4350 mAh Battery1 Year,3.8
131,"OnePlus Nord 2 5G (Blue Haze, 256 GB)","₹35,999",12 GB RAM | 256 GB ROM16.33 cm (6.43 inch) Display50MP Rear Camera4500 mAh Battery1 year Warranty,4.2
132,"IQOO 9 SE 5G (Space Fusion, 256 GB)","₹36,990",12 GB RAM | 256 GB ROM16.81 cm (6.62 inch) Display48MP + 48MP + 13MP + 2MP | 16MP + 16MP Dual Front Camera4500 mAh Battery1 Year,4.2
133,"OPPO Reno5 Pro 5G (Astral Blue, 128 GB)","₹35,990",8 GB RAM | 128 GB ROM16.64 cm (6.55 inch) Full HD+ Display64MP + 8MP + 2MP + 2MP | 32MP Front Camera4350 mAh Lithium-ion Polymer BatteryMediaTek Dimensity 1000+ (MT6889) Processor65W Super VOOC 2.0 Charging | ColorOS 11.1 (Based on Android 11)3D Borderless Sense Screen | AI Highlight Video (Ultra Night Video + Live HDR) | Super AMOLED DisplayBrand Warranty of 1 Year Available for Mobile Including Battery and 6 Months for Accessories,4.4
134,"IQOO 3 (Quantum Silver, 128 GB)","₹37,990","8 GB RAM | 128 GB ROM16.36 cm (6.44 inch) Full HD+ Display48MP + 13MP + 13MP + 2MP | 16MP Front Camera4440 mAh Li-ion BatteryQualcomm Snapdragon 865 ProcessorIn-Display Fingerprint Sensor, Monster Touch Buttons55 W Super Flash ChargeSuper AMOLED DisplayBrand Warranty of 1 Year Available for Mobile and Accessories",4.5
135,"OnePlus 9RT 5G (Hacker Black, 128 GB)","₹39,900",8 GB RAM | 128 GB ROM16.81 cm (6.62 inch) Display50MP Rear Camera4500 mAh Battery12 months,4.3
136,"vivo X21 (Black, 128 GB)","₹36,990",6 GB RAM | 128 GB ROM | Expandable Upto 256 GB15.95 cm (6.28 inch) Full HD+ Display12MP + 5MP | 12MP Front Camera3200 mAh Li-ion BatteryQualcomm Snapdragon 660 AIE ProcessorBrand Warranty of 1 Year Available for Mobile and 6 Months for Accessories,4.3
137,"OnePlus 9R 5G (Carbon Black, 128 GB)","₹39,999",8 GB RAM | 128 GB ROM16.64 cm (6.55 inch) Display48MP Rear Camera4500 mAh Battery1 Year,3.7
138,"Huawei P9 (Mystic Silver, 32 GB)","₹39,999",3 GB RAM | 32 GB ROM | Expandable Upto 128 GB13.21 cm (5.2 inch) Full HD Display12MP + 12MP | 8MP Front Camera3000 mAh BatteryHUAWEI Kirin 955 ARM Cortex-A72 64-bit + ARM Cortex-A53 64-bit ProcessorBrand Warranty of 1 Year Available for Mobile and 6 Months for Accessories,4.5
139,"OPPO Reno5 Pro 5G (Starry Black, 128 GB)","₹35,990",8 GB RAM | 128 GB ROM16.64 cm (6.55 inch) Full HD+ Display64MP + 8MP + 2MP + 2MP | 32MP Front Camera4350 mAh Lithium-ion Polymer BatteryMediaTek Dimensity 1000+ (MT6889) Processor65W Super VOOC 2.0 Charging | ColorOS 11.1 (Based on Android 11)3D Borderless Sense Screen | AI Highlight Video (Ultra Night Video + Live HDR) | Super AMOLED DisplayBrand Warranty of 1 Year Available for Mobile Including Battery and 6 Months for Accessories,4.4
140,"OPPO Reno6 Pro 5G (Aurora, 256 GB)","₹39,990",12 GB RAM | 256 GB ROM16.64 cm (6.55 inch) Full HD+ Display64MP + 8MP + 2MP + 2MP | 32MP Front Camera4500 mAh Lithium-ion Polymer BatteryMediaTek Dimensity 1200 Processor65W SuperVOOC 2.0 Charging3D Borderless ScreenBokeh Flare Portrait Video | AI Highlight Video | OPPO Reno Glow 2.0Brand Warranty of 1 Year Available for Mobile Including Battery and 6 Months for Accessories,4.4
141,"Infinix Smart 6 HD (Force Black, 32 GB)","₹5,299",2 GB RAM | 32 GB ROM | Expandable Upto 512 GB16.76 cm (6.6 inch) HD+ Display8MP Rear Camera | 5MP Front Camera5000 mAh Lithium-ion Polymer BatteryMediatek Helio A22 Processor1 Year on Handset and 6 Months on Accessories,4.3
142,"Infinix Smart 6 HD (Aqua Sky, 32 GB)","₹5,799",2 GB RAM | 32 GB ROM | Expandable Upto 512 GB16.76 cm (6.6 inch) HD+ Display8MP Rear Camera | 5MP Front Camera5000 mAh Lithium-ion Polymer BatteryMediatek Helio A22 Processor1 Year on Handset and 6 Months on Accessories,4.3
143,"POCO C51 (Royal Blue, 64 GB)","₹6,499",4 GB RAM | 64 GB ROM | Expandable Upto 1 TB16.56 cm (6.52 inch) HD+ Display8MP Dual Rear Camera | 5MP Front Camera5000 mAh BatteryHelio G36 Processor1 Year Manufacturer Warranty for Phone and 6 Months Warranty for in the Box Accessories,4.1
144,"REDMI 12 (Moonstone Silver, 128 GB)","₹9,999",4 GB RAM | 128 GB ROM | Expandable Upto 1 TB17.25 cm (6.79 inch) Full HD+ Display50MP + 8MP + 2MP | 8MP Front Camera5000 mAh BatteryHelio G88 Processor1 Year Manufacturer Warranty for Phone and 6 Months Warranty for in the Box Accessories,4.2
145,"realme 11x 5G (Midnight Black, 128 GB)","₹14,999",6 GB RAM | 128 GB ROM | Expandable Upto 2 TB17.07 cm (6.72 inch) Full HD+ Display64MP + 2MP | 8MP Front Camera5000 mAh BatteryDimensity 6100+ Processor1 Year Manufacturer Warranty for Phone and 6 Months Warranty for In the Box Accessories,4.4
146,"realme 11x 5G (Purple Dawn, 128 GB)","₹14,999",6 GB RAM | 128 GB ROM | Expandable Upto 2 TB17.07 cm (6.72 inch) Full HD+ Display64MP + 2MP | 8MP Front Camera5000 mAh BatteryDimensity 6100+ Processor1 Year Manufacturer Warranty for Phone and 6 Months Warranty for In the Box Accessories,4.4
147,"realme 11x 5G (Purple Dawn, 128 GB)","₹15,999",8 GB RAM | 128 GB ROM | Expandable Upto 2 TB17.07 cm (6.72 inch) Full HD+ Display64MP + 2MP | 8MP Front Camera5000 mAh BatteryDimensity 6100+ Processor1 Year Manufacturer Warranty for Phone and 6 Months Warranty for In the Box Accessories,4.3
148,"POCO C55 (Cool Blue, 128 GB)","₹8,499",6 GB RAM | 128 GB ROM | Expandable Upto 1 TB17.04 cm (6.71 inch) HD+ Display50MP Dual Rear Camera | 5MP Front Camera5000 mAh BatteryMediatek Helio G85 Processor1 Year Manufacturer Warranty for Phone and 6 Months Warranty for In the Box Accessories,4.1
149,"POCO C55 (Power Black, 128 GB)","₹8,499",6 GB RAM | 128 GB ROM | Expandable Upto 1 TB17.04 cm (6.71 inch) HD+ Display50MP Dual Rear Camera | 5MP Front Camera5000 mAh BatteryMediatek Helio G85 Processor1 Year Manufacturer Warranty for Phone and 6 Months Warranty for In the Box Accessories,4.1
150,"realme 11x 5G (Midnight Black, 128 GB)","₹15,999",8 GB RAM | 128 GB ROM | Expandable Upto 2 TB17.07 cm (6.72 inch) Full HD+ Display64MP + 2MP | 8MP Front Camera5000 mAh BatteryDimensity 6100+ Processor1 Year Manufacturer Warranty for Phone and 6 Months Warranty for In the Box Accessories,4.3
151,"Infinix HOT 20 Play (Luna Blue, 64 GB)","₹7,999",4 GB RAM | 64 GB ROM | Expandable Upto 256 GB17.32 cm (6.82 inch) HD+ Display13Mp + AI Lens | 8MP Front Camera6000 mAh Li-ion Polymer BatteryMediaTek G37 Processor1 Year on Handset and 6 Months on Accessories,4.3
152,"Infinix HOT 20 Play (Aurora Green, 64 GB)","₹7,999",4 GB RAM | 64 GB ROM | Expandable Upto 256 GB17.32 cm (6.82 inch) HD+ Display13Mp + AI Lens | 8MP Front Camera6000 mAh Li-ion Polymer BatteryMediaTek G37 Processor1 Year on Handset and 6 Months on Accessories,4.3
153,"POCO M6 Pro 5G (Power Black, 64 GB)","₹10,999",4 GB RAM | 64 GB ROM | Expandable Upto 1 TB17.25 cm (6.79 inch) Full HD+ Display50MP + 2MP | 8MP Front Camera5000 mAh BatterySnapdragon 4 Gen 2 Processor1 Year Manufacturer Warranty for Phone and 6 Months Warranty for In the Box Accessories,4.4
154,"POCO M6 Pro 5G (Forest Green, 128 GB)","₹12,999",6 GB RAM | 128 GB ROM | Expandable Upto 1 TB17.25 cm (6.79 inch) Full HD+ Display50MP + 2MP | 8MP Front Camera5000 mAh BatterySnapdragon 4 Gen 2 Processor1 Year Manufacturer Warranty for Phone and 6 Months Warranty for In the Box Accessories,4.3
155,"Infinix HOT 20 Play (Racing Black, 64 GB)","₹7,999",4 GB RAM | 64 GB ROM | Expandable Upto 256 GB17.32 cm (6.82 inch) HD+ Display13Mp + AI Lens | 8MP Front Camera6000 mAh Li-ion Polymer BatteryMediaTek G37 Processor1 Year on Handset and 6 Months on Accessories,4.3
156,"POCO C50 (Country Green, 32 GB)","₹5,499","2 GB RAM | 32 GB ROM | Expandable Upto 512 GB16.56 cm (6.52 inch) HD+ Display8MP Dual Camera | 5MP Front Camera5000 mAh Lithium Polymer BatteryMediatek Helio A22 Processor, Upto 2.0 GHz Processor1 Year Manufacturer Warranty for Phone and 6 Months Warranty for In the Box Accessories",4.2
157,"POCO C55 (Forest Green, 128 GB)","₹8,499",6 GB RAM | 128 GB ROM | Expandable Upto 1 TB17.04 cm (6.71 inch) HD+ Display50MP Dual Rear Camera | 5MP Front Camera5000 mAh BatteryMediatek Helio G85 Processor1 Year Manufacturer Warranty for Phone and 6 Months Warranty for In the Box Accessories,4.1
158,"vivo T2x 5G (Marine Blue, 128 GB)","₹13,999",6 GB RAM | 128 GB ROM16.71 cm (6.58 inch) Full HD+ Display50MP + 2MP | 8MP Front Camera5000 mAh BatteryDimensity 6020 Processor1 Year of Device & 6 Months for Inbox Accessories,4.4
159,"vivo T2x 5G (Aurora Gold, 128 GB)","₹15,999",8 GB RAM | 128 GB ROM16.71 cm (6.58 inch) Full HD+ Display50MP + 2MP | 8MP Front Camera5000 mAh BatteryDimensity 6020 Processor1 Year of Device & 6 Months for Inbox Accessories,4.3
160,"vivo T2x 5G (Glimmer Black, 128 GB)","₹13,999",6 GB RAM | 128 GB ROM16.71 cm (6.58 inch) Full HD+ Display50MP + 2MP | 8MP Front Camera5000 mAh BatteryDimensity 6020 Processor1 Year of Device & 6 Months for Inbox Accessories,4.4
161,"vivo T2x 5G (Aurora Gold, 128 GB)","₹13,999",6 GB RAM | 128 GB ROM16.71 cm (6.58 inch) Full HD+ Display50MP + 2MP | 8MP Front Camera5000 mAh BatteryDimensity 6020 Processor1 Year of Device & 6 Months for Inbox Accessories,4.4
162,"vivo T2x 5G (Marine Blue, 128 GB)","₹15,999",8 GB RAM | 128 GB ROM16.71 cm (6.58 inch) Full HD+ Display50MP + 2MP | 8MP Front Camera5000 mAh BatteryDimensity 6020 Processor1 Year of Device & 6 Months for Inbox Accessories,4.3
163,"vivo T2x 5G (Glimmer Black, 128 GB)","₹15,999",8 GB RAM | 128 GB ROM16.71 cm (6.58 inch) Full HD+ Display50MP + 2MP | 8MP Front Camera5000 mAh BatteryDimensity 6020 Processor1 Year of Device & 6 Months for Inbox Accessories,4.3
164,"vivo T2x 5G (Marine Blue, 128 GB)","₹12,999",4 GB RAM | 128 GB ROM16.71 cm (6.58 inch) Full HD+ Display50MP + 2MP | 8MP Front Camera5000 mAh BatteryDimensity 6020 Processor1 Year of Device & 6 Months for Inbox Accessories,4.4
165,"vivo T2x 5G (Aurora Gold, 128 GB)","₹12,999",4 GB RAM | 128 GB ROM16.71 cm (6.58 inch) Full HD+ Display50MP + 2MP | 8MP Front Camera5000 mAh BatteryDimensity 6020 Processor1 Year of Device & 6 Months for Inbox Accessories,4.4
166,"vivo T2x 5G (Glimmer Black, 128 GB)","₹12,999",4 GB RAM | 128 GB ROM16.71 cm (6.58 inch) Full HD+ Display50MP + 2MP | 8MP Front Camera5000 mAh BatteryDimensity 6020 Processor1 Year of Device & 6 Months for Inbox Accessories,4.4
167,"Infinix SMART 7 (Emerald Green, 64 GB)","₹6,999",4 GB RAM | 64 GB ROM | Expandable Upto 2 TB16.76 cm (6.6 inch) HD+ Display13MP + AI Lens | 5MP Front Camera6000 mAh BatteryUnisoc Spreadtrum SC9863A1 Processor1 Year on Handset and 6 Months on Accessories,4.3
168,"Infinix SMART 7 (Azure Blue, 64 GB)","₹6,999",4 GB RAM | 64 GB ROM | Expandable Upto 2 TB16.76 cm (6.6 inch) HD+ Display13MP + AI Lens | 5MP Front Camera6000 mAh BatteryUnisoc Spreadtrum SC9863A1 Processor1 Year on Handset and 6 Months on Accessories,4.3
169,"REDMI 12 (Moonstone Silver, 128 GB)","₹11,499",6 GB RAM | 128 GB ROM | Expandable Upto 1 TB17.25 cm (6.79 inch) Full HD+ Display50MP + 8MP + 2MP | 8MP Front Camera5000 mAh BatteryHelio G88 Processor1 Year Manufacturer Warranty for Phone and 6 Months Warranty for in the Box Accessories,4.1
170,"Infinix SMART 7 (Azure Blue, 128 GB)","₹7,599",4 GB RAM | 128 GB ROM | Expandable Upto 512 GB16.76 cm (6.6 inch) HD+ Display13MP + AI Lens | 5MP Front Camera6000 mAh BatteryUnisoc Spreadtrum SC9863A1 Processor1 Year on Handset and 6 Months on Accessories,4.3
171,"Infinix SMART 7 (Night Black, 128 GB)","₹7,599",4 GB RAM | 128 GB ROM | Expandable Upto 512 GB16.76 cm (6.6 inch) HD+ Display13MP + AI Lens | 5MP Front Camera6000 mAh BatteryUnisoc Spreadtrum SC9863A1 Processor1 Year on Handset and 6 Months on Accessories,4.3
172,"Infinix SMART 7 (Emerald Green, 128 GB)","₹7,599",4 GB RAM | 128 GB ROM | Expandable Upto 512 GB16.76 cm (6.6 inch) HD+ Display13MP + AI Lens | 5MP Front Camera6000 mAh BatteryUnisoc Spreadtrum SC9863A1 Processor1 Year on Handset and 6 Months on Accessories,4.3
173,"Infinix Smart 7 HD (Silk Blue, 64 GB)","₹5,999","2 GB RAM | 64 GB ROM | Expandable Upto 1 TB16.76 cm (6.6 inch) HD+ Display8MP + AI Lens | 5MP Front Camera5000 mAh BatterySpreadtrum 
SC9863A1 Processor1 Year on Handset and 6 Months on Accessories",4.3
174,"Infinix Smart 7 HD (Ink Black, 64 GB)","₹5,999","2 GB RAM | 64 GB ROM | Expandable Upto 1 TB16.76 cm (6.6 inch) HD+ Display8MP + AI Lens | 5MP Front Camera5000 mAh BatterySpreadtrum 
SC9863A1 Processor1 Year on Handset and 6 Months on Accessories",4.3
175,"OnePlus Nord CE 2 Lite 5G (Blue Tide, 128 GB)","₹17,383",6 GB RAM | 128 GB ROM16.74 cm (6.59 inch) Display64MP Rear Camera | 16MP Front Camera5000 mAh Battery12 Months,4.4
176,"Infinix Smart 7 HD (Jade White, 64 GB)","₹5,999",2 GB RAM | 64 GB ROM | Expandable Upto 1 TB16.76 cm (6.6 inch) HD+ Display8MP + AI Lens | 5MP Front Camera5000 mAh BatterySpreadtrum SC9863A1 Processor1 Year on Handset and 6 Months on Accessories,4.3
177,"POCO M6 Pro 5G (Forest Green, 64 GB)","₹10,999",4 GB RAM | 64 GB ROM | Expandable Upto 1 TB17.25 cm (6.79 inch) Full HD+ Display50MP + 2MP | 8MP Front Camera5000 mAh BatterySnapdragon 4 Gen 2 Processor1 Year Manufacturer Warranty for Phone and 6 Months Warranty for In the Box Accessories,4.4
178,"MOTOROLA e13 (Aurora Green, 64 GB)","₹7,299",4 GB RAM | 64 GB ROM | Expandable Upto 1 TB16.51 cm (6.5 inch) HD+ Display13MP Rear Camera | 5MP Front Camera5000 mAh BatteryUnisoc T606 Processor1 Year on Handset and 6 Months on Accessories,4
179,"Infinix SMART 7 (Night Black, 64 GB)","₹6,999",4 GB RAM | 64 GB ROM | Expandable Upto 2 TB16.76 cm (6.6 inch) HD+ Display13MP + AI Lens | 5MP Front Camera6000 mAh BatteryUnisoc Spreadtrum SC9863A1 Processor1 Year on Handset and 6 Months on Accessories,4.3
180,"MOTOROLA e32 (Arctic Blue, 64 GB)","₹7,999",4 GB RAM | 64 GB ROM | Expandable Upto 1 TB16.51 cm (6.5 inch) HD+ Display50MP + 2MP | 8MP Front Camera5000 mAh BatteryMediatek Helio G37 Processor1 Year on Handset and 6 Months on Accessories,3.9
181,"Infinix Smart 7 HD (Green Apple, 64 GB)","₹5,999","2 GB RAM | 64 GB ROM | Expandable Upto 1 TB16.76 cm (6.6 inch) HD+ Display8MP + AI Lens | 5MP Front Camera5000 mAh BatterySpreadtrum 
SC9863A1 Processor1 Year on Handset and 6 Months on Accessories",4.3
182,"realme C53 (Champion Gold, 64 GB)","₹10,999",6 GB RAM | 64 GB ROM | Expandable Upto 2 TB17.12 cm (6.74 inch) HD Display108MP + 2MP | 8MP Front Camera5000 mAh BatteryT612 Processor1 Year Manufacturer Warranty for Phone and 6 Months Warranty for In the Box Accessories,4.4
183,"POCO M6 Pro 5G (Power Black, 128 GB)","₹12,999",6 GB RAM | 128 GB ROM | Expandable Upto 1 TB17.25 cm (6.79 inch) Full HD+ Display50MP + 2MP | 8MP Front Camera5000 mAh BatterySnapdragon 4 Gen 2 Processor1 Year Manufacturer Warranty for Phone and 6 Months Warranty for In the Box Accessories,4.3
184,"REDMI 12 (Jade Black, 128 GB)","₹11,499",6 GB RAM | 128 GB ROM | Expandable Upto 1 TB17.25 cm (6.79 inch) Full HD+ Display50MP + 8MP + 2MP | 8MP Front Camera5000 mAh BatteryHelio G88 Processor1 Year Manufacturer Warranty for Phone and 6 Months Warranty for in the Box Accessories,4.1
185,"realme C53 (Champion Black, 64 GB)","₹10,999",6 GB RAM | 64 GB ROM | Expandable Upto 2 TB17.12 cm (6.74 inch) HD Display108MP + 2MP | 8MP Front Camera5000 mAh BatteryT612 Processor1 Year Manufacturer Warranty for Phone and 6 Months Warranty for In the Box Accessories,4.4
186,"realme C53 (Champion Black, 128 GB)","₹9,999",4 GB RAM | 128 GB ROM | Expandable Upto 2 TB17.12 cm (6.74 inch) HD Display108MP + 2MP | 8MP Front Camera5000 mAh BatteryT612 Processor1 Year Manufacturer Warranty for Phone and 6 Months Warranty for In the Box Accessories,4.1
187,"realme C53 (Champion Gold, 128 GB)","₹9,999",4 GB RAM | 128 GB ROM | Expandable Upto 2 TB17.12 cm (6.74 inch) HD Display108MP + 2MP | 8MP Front Camera5000 mAh BatteryT612 Processor1 Year Manufacturer Warranty for Phone and 6 Months Warranty for In the Box Accessories,4.1
188,"POCO C55 (Cool Blue, 64 GB)","₹7,499",4 GB RAM | 64 GB ROM | Expandable Upto 1 TB17.04 cm (6.71 inch) HD+ Display50MP Dual Rear Camera | 5MP Front Camera5000 mAh BatteryMediatek Helio G85 Processor1 Year Manufacturer Warranty for Phone and 6 Months Warranty for In the Box Accessories,4.2
189,"realme C51 (Mint Green, 64 GB)","₹8,999",4 GB RAM | 64 GB ROM | Expandable Upto 2 TB17.12 cm (6.74 inch) HD Display50MP + 0.08MP | 5MP Front Camera5000 mAh BatteryT612 Processor1 Year Manufacturer Warranty for Phone and 6 Months Warranty for In the Box Accessories,4.6
190,"Infinix Smart 6 (Light Sea Green, 64 GB)","₹5,799",2 GB RAM | 64 GB ROM | Expandable Upto 512 GB16.76 cm (6.6 inch) HD+ Display8 MP + Depth Lens | 5MP Front Camera5000 mAh Li-ion Polymer BatteryMediatek Helio A22 Processor1 Year on Handset and 6 Months on Accessories,4.3
191,"Infinix HOT 30i (Glacier Blue, 64 GB)","₹8,199",4 GB RAM | 64 GB ROM | Expandable Upto 1 TB16.76 cm (6.6 inch) HD+ Display50MP + AI Lens | 5MP Front Camera5000 mAh BatteryG37 Processor1 Year on Handset and 6 Months on Accessories,4.2
192,"Infinix HOT 30i (Diamond White, 64 GB)","₹8,199",4 GB RAM | 64 GB ROM | Expandable Upto 1 TB16.76 cm (6.6 inch) HD+ Display50MP + AI Lens | 5MP Front Camera5000 mAh BatteryG37 Processor1 Year on Handset and 6 Months on Accessories,4.2
193,"Infinix HOT 30i (Marigold, 64 GB)","₹8,199",4 GB RAM | 64 GB ROM | Expandable Upto 1 TB16.76 cm (6.6 inch) HD+ Display50MP + AI Lens | 5MP Front Camera5000 mAh BatteryG37 Processor1 Year on Handset and 6 Months on Accessories,4.2
194,"Infinix HOT 30i (Marigold, 128 GB)","₹8,999",8 GB RAM | 128 GB ROM | Expandable Upto 1 TB16.76 cm (6.6 inch) HD+ Display50MP + AI Lens | 5MP Front Camera5000 mAh BatteryG37 Processor1 Year on Handset and 6 Months on Accessories,4.2
195,"Infinix HOT 30i (Diamond White, 128 GB)","₹8,999",8 GB RAM | 128 GB ROM | Expandable Upto 1 TB16.76 cm (6.6 inch) HD+ Display50MP + AI Lens | 5MP Front Camera5000 mAh BatteryG37 Processor1 Year on Handset and 6 Months on Accessories,4.2
196,"Infinix HOT 30i (Glacier Blue, 128 GB)","₹8,999",8 GB RAM | 128 GB ROM | Expandable Upto 1 TB16.76 cm (6.6 inch) HD+ Display50MP + AI Lens | 5MP Front Camera5000 mAh BatteryG37 Processor1 Year on Handset and 6 Months on Accessories,4.2
197,"REDMI 12 (Jade Black, 128 GB)","₹9,999",4 GB RAM | 128 GB ROM | Expandable Upto 1 TB17.25 cm (6.79 inch) Full HD+ Display50MP + 8MP + 2MP | 8MP Front Camera5000 mAh BatteryHelio G88 Processor1 Year Manufacturer Warranty for Phone and 6 Months Warranty for in the Box Accessories,4.2
198,"POCO C55 (Power Black, 64 GB)","₹7,499",4 GB RAM | 64 GB ROM | Expandable Upto 1 TB17.04 cm (6.71 inch) HD+ Display50MP Dual Rear Camera | 5MP Front Camera5000 mAh BatteryMediatek Helio G85 Processor1 Year Manufacturer Warranty for Phone and 6 Months Warranty for In the Box Accessories,4.2
199,"POCO C55 (Forest Green, 64 GB)","₹7,499",4 GB RAM | 64 GB ROM | Expandable Upto 1 TB17.04 cm (6.71 inch) HD+ Display50MP Dual Rear Camera | 5MP Front Camera5000 mAh BatteryMediatek Helio G85 Processor1 Year Manufacturer Warranty for Phone and 6 Months Warranty for In the Box Accessories,4.2
200,GFive U873,₹699,32 MB RAM | 32 MB ROM | Expandable Upto 16 GB4.57 cm (1.8 inch) Display0.3MP Rear Camera1000 mAh Battery1 Year Manufacturer warranty.,3.5
201,"realme C51 (Carbon Black, 64 GB)","₹8,999",4 GB RAM | 64 GB ROM | Expandable Upto 2 TB17.12 cm (6.74 inch) HD Display50MP + 0.08MP | 5MP Front Camera5000 mAh BatteryT612 Processor1 Year Manufacturer Warranty for Phone and 6 Months Warranty for In the Box Accessories,4.6
202,"Infinix Smart 6 (Polar Black, 64 GB)","₹6,499",2 GB RAM | 64 GB ROM | Expandable Upto 512 GB16.76 cm (6.6 inch) HD+ Display8 MP + Depth Lens | 5MP Front Camera5000 mAh Li-ion Polymer BatteryMediatek Helio A22 Processor1 Year on Handset and 6 Months on Accessories,4.3
203,"Infinix HOT 30i (Mirror Black, 128 GB)","₹8,999",8 GB RAM | 128 GB ROM | Expandable Upto 1 TB16.76 cm (6.6 inch) HD+ Display50MP + AI Lens | 5MP Front Camera5000 mAh BatteryG37 Processor1 Year on Handset and 6 Months on Accessories,4.2
204,"Infinix HOT 30i (Mirror Black, 64 GB)","₹8,199",4 GB RAM | 64 GB ROM | Expandable Upto 1 TB16.76 cm (6.6 inch) HD+ Display50MP + AI Lens | 5MP Front Camera5000 mAh BatteryG37 Processor1 Year on Handset and 6 Months on Accessories,4.2
205,"APPLE iPhone 13 (Midnight, 128 GB)","₹55,999",128 GB ROM15.49 cm (6.1 inch) Super Retina XDR Display12MP + 12MP | 12MP Front CameraA15 Bionic Chip ProcessorBrand Warranty for 1 Year,4.7
206,"REDMI A2 (Sea Green, 64 GB)","₹6,825",4 GB RAM | 64 GB ROM16.56 cm (6.52 inch) Display8MP Rear Camera5000 mAh Battery2 year on phone domestic,4.1
207,"Infinix NOTE 12i (Metaverse Blue, 64 GB)","₹9,499",4 GB RAM | 64 GB ROM | Expandable Upto 512 GB17.02 cm (6.7 inch) Full HD+ AMOLED Display50 MP + 2 MP + QVGA | 8MP Front Camera5000 mAh Lithium-ion Polymer BatteryMediatek Helio G85 Processor1 Year on Handset and 6 Months on Accessories,4.2
208,"SAMSUNG Galaxy F23 5G (Aqua Blue, 128 GB)","₹14,999",6 GB RAM | 128 GB ROM | Expandable Upto 1 TB16.76 cm (6.6 inch) Full HD+ Display50MP + 8MP + 2MP | 8MP Front Camera5000 mAh Lithium Ion BatteryQualcomm Snapdragon 750G Processor1 Year Warranty Provided by the Manufacturer from Date of Purchase,4.3
209,"vivo T2 5G (Velocity Wave, 128 GB)","₹18,999",6 GB RAM | 128 GB ROM16.21 cm (6.38 inch) Full HD+ Display64 MP (OIS) + 2MP | 16MP Front Camera4500 mAh BatterySnapdragon 695 Processor1 Year of Device & 6 Months for Inbox Accessories,4.4
210,"SAMSUNG Galaxy A54 5G (Awesome Lime, 128 GB)","₹36,999","8 GB RAM | 128 GB ROM | Expandable Upto 1 TB16.26 cm (6.4 inch) Full HD+ Display50MP + 12MP + 5MP | 32MP Front Camera5000 mAh BatteryExynos 1380, Octa Core Processor1 Year Manufacturer Warranty for Device and 6 Months Manufacturer Warranty for In-Box Accessories",4.3
211,"OnePlus 9RT 5G (Nano Silver, 128 GB)","₹39,999",8 GB RAM | 128 GB ROM16.81 cm (6.62 inch) Display50MP Rear Camera4500 mAh Battery12 months,4.3
212,"APPLE iPhone 11 (Red, 64 GB)","₹37,999",64 GB ROM15.49 cm (6.1 inch) Liquid Retina HD Display12MP + 12MP | 12MP Front CameraA13 Bionic Chip ProcessorBrand Warranty of 1 Year,4.6
213,"OnePlus 7 Pro (Mirror Grey, 256 GB)","₹39,900",8 GB RAM | 256 GB ROM16.94 cm (6.67 inch) Display48 MP + 8 MP + 16 MP | 16MP Front Camera4000 mAh Battery1 year manufacturer warranty for device and 6 months manufacturer warranty for in-box accessories including batteries from the date of purchase,4.5
214,"vivo V21 5G (Sunset Dazzle, 256 GB)","₹35,990",8 GB RAM | 256 GB ROM16.36 cm (6.44 inch) Full HD+ Display64MP + 8MP + 2MP | 44MP Front Camera4000 mAh Lithium-ion BatteryMediaTek Dimensity 800U ProcessorAMOLED Display1 Year for Handset and 6 Months for In-box Accessories,4.3
215,"IQOO 9 SE 5G (Sunset Sierra, 128 GB)","₹39,990",8 GB RAM | 128 GB ROM16.81 cm (6.62 inch) Display48MP + 48MP + 13MP + 2MP | 16MP + 16MP Dual Front Camera4500 mAh Battery1 Year,4.2
216,"vivo T2 5G (Velocity Wave, 128 GB)","₹18,999",6 GB RAM | 128 GB ROM16.21 cm (6.38 inch) Full HD+ Display64 MP (OIS) + 2MP | 16MP Front Camera4500 mAh BatterySnapdragon 695 Processor1 Year of Device & 6 Months for Inbox Accessories,4.4
217,"vivo T2 5G (Nitro Blaze, 128 GB)","₹20,999",8 GB RAM | 128 GB ROM16.21 cm (6.38 inch) Full HD+ Display64 MP (OIS) + 2MP | 16MP Front Camera4500 mAh BatterySnapdragon 695 Processor1 Year of Device & 6 Months for Inbox Accessories,4.4
218,"vivo T2 5G (Velocity Wave, 128 GB)","₹20,999",8 GB RAM | 128 GB ROM16.21 cm (6.38 inch) Full HD+ Display64 MP (OIS) + 2MP | 16MP Front Camera4500 mAh BatterySnapdragon 695 Processor1 Year of Device & 6 Months for Inbox Accessories,4.4
219,"MOTOROLA G32 (Mineral Gray, 128 GB)","₹11,999",8 GB RAM | 128 GB ROM16.51 cm (6.5 inch) Full HD+ Display50MP + 8MP + 2MP | 16MP Front Camera5000 mAh Lithium Polymer BatteryQualcomm Snapdragon 680 Processor1 Year on Handset and 6 Months on Accessories,4.1
220,"MOTOROLA e13 (Cosmic Black, 64 GB)","₹5,999",2 GB RAM | 64 GB ROM | Expandable Upto 1 TB16.51 cm (6.5 inch) HD+ Display13MP Rear Camera | 5MP Front Camera5000 mAh BatteryUnisoc T606 Processor1 Year on Handset and 6 Months on Accessories,4
221,"MOTOROLA e13 (Creamy White, 64 GB)","₹7,299",4 GB RAM | 64 GB ROM | Expandable Upto 1 TB16.51 cm (6.5 inch) HD+ Display13MP Rear Camera | 5MP Front Camera5000 mAh BatteryUnisoc T606 Processor1 Year on Handset and 6 Months on Accessories,4
222,"REDMI A2 (Classic Black, 64 GB)","₹6,743",4 GB RAM | 64 GB ROM16.56 cm (6.52 inch) Display8MP Rear Camera5000 mAh Battery2 year on phone domestic,4.1
223,"REDMI A2 (Sea Green, 64 GB)","₹6,899",2 GB RAM | 64 GB ROM16.56 cm (6.52 inch) Display8MP Rear Camera5000 mAh Battery2 year on phone domestic,4.1
224,"MOTOROLA e13 (Cosmic Black, 64 GB)","₹7,299",4 GB RAM | 64 GB ROM | Expandable Upto 1 TB16.51 cm (6.5 inch) HD+ Display13MP Rear Camera | 5MP Front Camera5000 mAh BatteryUnisoc T606 Processor1 Year on Handset and 6 Months on Accessories,4
225,"REDMI 11 Prime (Peppy Purple, 128 GB)","₹10,499",6 GB RAM | 128 GB ROM | Expandable Upto 512 GB16.71 cm (6.58 inch) Full HD+ Display50MP + 2MP + 2MP | 8MP Front Camera5000 mAh BatteryHelio G99 Processor1 Year Manufacturer Warranty for Phone and 6 Months Warranty for In the Box Accessories,4.3
226,"Infinix NOTE 12i (Alpine White, 64 GB)","₹9,499",4 GB RAM | 64 GB ROM | Expandable Upto 512 GB17.02 cm (6.7 inch) Full HD+ AMOLED Display50 MP + 2 MP + QVGA | 8MP Front Camera5000 mAh Lithium-ion Polymer BatteryMediatek Helio G85 Processor1 Year on Handset and 6 Months on Accessories,4.2
227,"vivo T2 5G (Nitro Blaze, 128 GB)","₹18,999",6 GB RAM | 128 GB ROM16.21 cm (6.38 inch) Full HD+ Display64 MP (OIS) + 2MP | 16MP Front Camera4500 mAh BatterySnapdragon 695 Processor1 Year of Device & 6 Months for Inbox Accessories,4.4
228,"REDMI A2 (Aqua Blue, 64 GB)","₹6,763",4 GB RAM | 64 GB ROM16.56 cm (6.52 inch) Display8MP Rear Camera5000 mAh Battery2 year on phone domestic,4.1
229,"MOTOROLA g54 5G (Mint Green, 128 GB)","₹15,999",8 GB RAM | 128 GB ROM | Expandable Upto 1 TB16.51 cm (6.5 inch) Full HD+ Display50MP + 8MP | 16MP Front Camera6000 mAh BatteryDimensity 7020 Processor1 Year on Handset and 6 Months on Accessories,4.2
230,"Infinix NOTE 12i (Force Black, 64 GB)","₹9,499",4 GB RAM | 64 GB ROM | Expandable Upto 512 GB17.02 cm (6.7 inch) Full HD+ AMOLED Display50 MP + 2 MP + QVGA | 8MP Front Camera5000 mAh Lithium-ion Polymer BatteryMediatek Helio G85 Processor1 Year on Handset and 6 Months on Accessories,4.2
231,"REDMI A1+ (Light Green, 32 GB)","₹6,299",2 GB RAM | 32 GB ROM | Expandable Upto 512 GB16.56 cm (6.52 inch) HD+ Display8MP Rear Camera | 5MP Front Camera5000 mAh Lithium Polymer BatteryMediatek Helio A22 Processor1 Year Manufacturer Warranty for Phone and 6 Months Warranty for in the Box Accessories,4
232,"MOTOROLA g13 (Lavender Blue, 128 GB)","₹9,999",4 GB RAM | 128 GB ROM | Expandable Upto 1 TB16.51 cm (6.5 inch) HD+ Display50MP + 2MP + 2MP | 8MP Front Camera5000 mAh BatteryHelio G85 Processor1 Year on Handset and 6 Months on Accessories,3.9
233,Micromax X512,"₹1,099",56 MB RAM | 24 MB ROM4.5 cm (1.77 inch) Display0.3MP Rear Camera1750 mAh Battery1 Year Warranty,4
234,"MOTOROLA g73 5G (Midnight Blue, 128 GB)","₹15,999",8 GB RAM | 128 GB ROM | Expandable Upto 1 TB16.51 cm (6.5 inch) Full HD+ Display50MP + 8MP | 16MP Front Camera5000 mAh BatteryMediatek Dimensity 930 Processor1 Year Manufacturer Warranty for Phone and 6 Months Warranty for In the Box Accessories,4
235,Micromax X512,₹995,30 MB RAM | 24 MB ROM4.5 cm (1.77 inch) Display1750 mAh Battery1 Year Warranty,4
236,Micromax X512,₹995,32 MB RAM | 32 MB ROM4.5 cm (1.77 inch) Display0.3MP Rear Camera1750 mAh Battery1 Year Warranty,4.3
237,"SAMSUNG Galaxy F23 5G (Forest Green, 128 GB)","₹14,999",6 GB RAM | 128 GB ROM | Expandable Upto 1 TB16.76 cm (6.6 inch) Full HD+ Display50MP + 8MP + 2MP | 8MP Front Camera5000 mAh Lithium Ion BatteryQualcomm Snapdragon 750G Processor1 Year Warranty Provided by the Manufacturer from Date of Purchase,4
238,"MOTOROLA g14 (Butter Cream, 128 GB)","₹9,999",4 GB RAM | 128 GB ROM | Expandable Upto 1 TB16.51 cm (6.5 inch) Full HD+ Display50MP + 2MP | 8MP Front Camera5000 mAh BatteryT616 ProcessorImmersive Stereo Speakers with Dolby Atmos1 Year on Handset and 6 Months on Accessories,3.9
239,Micromax J22,"₹1,118",32 MB RAM | 32 MB ROM6.1 cm (2.4 inch) Display1000 mAh Battery1 Year Manufacturer warranty,4.4
240,"OnePlus Nord CE 2 Lite 5G (Black Dusk, 128 GB)","₹17,373",6 GB RAM | 128 GB ROM16.74 cm (6.59 inch) Display64MP Rear Camera | 16MP Front Camera5000 mAh Battery12 months,3.9
241,"MOTOROLA e32 (Eco Black, 64 GB)","₹7,999",4 GB RAM | 64 GB ROM | Expandable Upto 1 TB16.51 cm (6.5 inch) HD+ Display50MP + 2MP | 8MP Front Camera5000 mAh BatteryMediatek Helio G37 Processor1 Year on Handset and 6 Months on Accessories,4.4
242,"realme C55 (Rainy Night, 128 GB)","₹13,999",8 GB RAM | 128 GB ROM | Expandable Upto 1 TB17.07 cm (6.72 inch) Full HD+ Display64MP + 2MP | 8MP Front Camera5000 mAh BatteryHelio G88 Processor1 Year Manufacturer Warranty for Phone and 6 Months Warranty for In the Box Accessories,4.4
243,"realme C55 (Rainforest, 128 GB)","₹13,999",8 GB RAM | 128 GB ROM | Expandable Upto 1 TB17.07 cm (6.72 inch) Full HD+ Display64MP + 2MP | 8MP Front Camera5000 mAh BatteryHelio G88 Processor1 Year Manufacturer Warranty for Phone and 6 Months Warranty for In the Box Accessories,4.1
244,"POCO M5 (Power Black, 64 GB)","₹8,499","4 GB RAM | 64 GB ROM | Expandable Upto 512 GB16.71 cm (6.58 inch) Full HD+ Display50MP + 2MP Depth Sensor + 2MP Macro Sensor | 8MP Front Camera5000 mAh Lithium-ion Polymer BatteryMediatek Helio G99 Processor1 Year for Handset, 6 Months for Accessories",4.4
245,"realme C55 (Sunshower, 64 GB)","₹10,999",4 GB RAM | 64 GB ROM | Expandable Upto 1 TB17.07 cm (6.72 inch) Full HD+ Display64MP + 2MP | 8MP Front Camera5000 mAh BatteryHelio G88 Processor1 Year Manufacturer Warranty for Phone and 6 Months Warranty for In the Box Accessories,4.4
246,"realme C55 (Rainforest, 64 GB)","₹10,999",4 GB RAM | 64 GB ROM | Expandable Upto 1 TB17.07 cm (6.72 inch) Full HD+ Display64MP + 2MP | 8MP Front Camera5000 mAh BatteryHelio G88 Processor1 Year Manufacturer Warranty for Phone and 6 Months Warranty for In the Box Accessories,4.3
247,"realme C55 (Rainforest, 64 GB)","₹11,999",6 GB RAM | 64 GB ROM | Expandable Upto 1 TB17.07 cm (6.72 inch) Full HD+ Display64MP + 2MP | 8MP Front Camera5000 mAh BatteryHelio G88 Processor1 Year Manufacturer Warranty for Phone and 6 Months Warranty for In the Box Accessories,4.4
248,"realme C55 (Rainy Night, 64 GB)","₹10,999",4 GB RAM | 64 GB ROM | Expandable Upto 1 TB17.07 cm (6.72 inch) Full HD+ Display64MP + 2MP | 8MP Front Camera5000 mAh BatteryHelio G88 Processor1 Year Manufacturer Warranty for Phone and 6 Months Warranty for In the Box Accessories,4.1
249,"POCO M5 (Icy Blue, 64 GB)","₹8,499","4 GB RAM | 64 GB ROM | Expandable Upto 512 GB16.71 cm (6.58 inch) Full HD+ Display50MP + 2MP Depth Sensor + 2MP Macro Sensor | 8MP Front Camera5000 mAh Lithium-ion Polymer BatteryMediatek Helio G99 Processor1 Year for Handset, 6 Months for Accessories",4.1
250,"REDMI A2 (Classic Black, 64 GB)","₹6,690",2 GB RAM | 64 GB ROM16.56 cm (6.52 inch) Display8MP Rear Camera5000 mAh Battery2 year on phone domestic,4.4
251,"realme C55 (Sunshower, 128 GB)","₹13,999",8 GB RAM | 128 GB ROM | Expandable Upto 1 TB17.07 cm (6.72 inch) Full HD+ Display64MP + 2MP | 8MP Front Camera5000 mAh BatteryHelio G88 Processor1 Year Manufacturer Warranty for Phone and 6 Months Warranty for In the Box Accessories,4.3
252,"realme C55 (Sunshower, 64 GB)","₹11,999",6 GB RAM | 64 GB ROM | Expandable Upto 1 TB17.07 cm (6.72 inch) Full HD+ Display64MP + 2MP | 8MP Front Camera5000 mAh BatteryHelio G88 Processor1 Year Manufacturer Warranty for Phone and 6 Months Warranty for In the Box Accessories,4
253,KARBONN Jumbo K9,"₹1,280",Expandable Upto 8 GB6.6 cm (2.6 inch) QVGA Display1.3MP Rear Camera1800 mAh Li-Ion Battery1 Year for Mobile & 6 Months for Accessories,4.3
254,"realme C55 (Rainy Night, 64 GB)","₹11,999",6 GB RAM | 64 GB ROM | Expandable Upto 1 TB17.07 cm (6.72 inch) Full HD+ Display64MP + 2MP | 8MP Front Camera5000 mAh BatteryHelio G88 Processor1 Year Manufacturer Warranty for Phone and 6 Months Warranty for In the Box Accessories,4
255,"MOTOROLA e13 (Aurora Green, 64 GB)","₹5,999",2 GB RAM | 64 GB ROM | Expandable Upto 1 TB16.51 cm (6.5 inch) HD+ Display13MP Rear Camera | 5MP Front Camera5000 mAh BatteryUnisoc T606 Processor1 Year on Handset and 6 Months on Accessories,4
256,LAVA Hero 600i,₹898,4 MB RAM | 3 MB ROM | Expandable Upto 32 GB4.57 cm (1.8 inch) Display620 mAh Battery1 year manufacturer warranty for device and 6 months manufacturer warranty for in-box accessories including batteries from the date of purchase,4.1
257,"SAMSUNG Galaxy M04 (Dark Blue, 64 GB)","₹7,816",4 GB RAM | 64 GB ROM | Expandable Upto 1 TB16.51 cm (6.5 inch) HD+ Display13MP + 2MP | 5MP Front Camera5000 mAh BatteryMediaTek Helio P35 Processor1 year manufacturer warranty for device and 6 months manufacturer warranty for in-box accessories including batteries from the date of purchase,4.3
258,SAMSUNG Guru Music 2,"₹2,349",NA ROM5.08 cm (2 inch) QVGA Display800 mAh Battery1 Year Manufacturer Warranty,3.9
259,Micromax X512,"₹1,079",56 MB RAM | 24 MB ROM4.5 cm (1.77 inch) Display0.3MP Rear Camera1750 mAh Battery1 Year Warranty,4
260,"MOTOROLA g14 (Steel Gray, 128 GB)","₹9,999",4 GB RAM | 128 GB ROM | Expandable Upto 1 TB16.51 cm (6.5 inch) Full HD+ Display50MP + 2MP | 8MP Front Camera5000 mAh BatteryT616 ProcessorImmersive Stereo Speakers with Dolby Atmos1 Year on Handset and 6 Months on Accessories,4
261,LAVA A1 Josh with BOL,"₹1,039",4 MB RAM | 4 MB ROM | Expandable Upto 32 GB4.5 cm (1.77 inch) Quarter QVGA Display1000 mAh Battery1 Year Manufacturer Replacement Guarantee for Phone and 6 months Replacement for Accessories in the Box,4.3
262,"SAMSUNG Galaxy F13 (Nightsky Green, 64 GB)","₹10,999",4 GB RAM | 64 GB ROM | Expandable Upto 1 TB16.76 cm (6.6 inch) Full HD+ Display50MP + 5MP + 2MP | 8MP Front Camera6000 mAh Lithium Ion BatteryExynos 850 Processor1 Year Warranty Provided By the Manufacturer from Date of Purchase,4.2
263,"POCO M4 Pro (Cool Blue, 128 GB)","₹12,999","8 GB RAM | 128 GB ROM | Expandable Upto 1 TB16.33 cm (6.43 inch) Full HD+ AMOLED Display64MP + 8MP + 2MP | 16MP Front Camera5000 mAh Lithium-ion Polymer BatteryMediatek Helio G96 ProcessorOne Year for Handset, 6 Months for Accessories",4.2
264,"REDMI 12C (Mint Green, 128 GB)","₹8,532",4 GB RAM | 128 GB ROM | Expandable Upto 1 TB17.04 cm (6.71 inch) HD+ Display50MP Rear Camera | 5MP Front Camera5000 mAh BatteryMediatek MT6769Z Helio G85 Processor1 Year Manufacturer Warranty for Device and 6 Months Manufacturer Warranty for In-Box Accessories,4
265,"MOTOROLA g14 (Sky Blue, 128 GB)","₹9,999",4 GB RAM | 128 GB ROM | Expandable Upto 1 TB16.51 cm (6.5 inch) Full HD+ Display50MP + 2MP | 8MP Front Camera5000 mAh BatteryT616 ProcessorImmersive Stereo Speakers with Dolby Atmos1 Year on Handset and 6 Months on Accessories,4.1
266,A10E,"₹1,379",4 MB RAM | 32 MB ROM | Expandable Upto 64 GB4.57 cm (1.8 inch) Display800 mAh Battery2 Years Domestic Replacement Warranty,4.1
267,A10E,"₹1,379",4 MB RAM | 32 MB ROM4.57 cm (1.8 inch) Display800 mAh Battery2 Years Domestic Replacement Warranty,4
268,"MOTOROLA g73 5G (Lucent White, 128 GB)","₹15,999",8 GB RAM | 128 GB ROM | Expandable Upto 1 TB16.51 cm (6.5 inch) Full HD+ Display50MP + 8MP | 16MP Front Camera5000 mAh BatteryMediatek Dimensity 930 Processor1 Year Manufacturer Warranty for Phone and 6 Months Warranty for In the Box Accessories,4.2
269,"MOTOROLA g54 5G (Midnight Blue, 128 GB)","₹15,999",8 GB RAM | 128 GB ROM | Expandable Upto 1 TB16.51 cm (6.5 inch) Full HD+ Display50MP + 8MP | 16MP Front Camera6000 mAh BatteryDimensity 7020 Processor1 Year on Handset and 6 Months on Accessories,4.2
270,"REDMI 12C (Lavender Purple, 128 GB)","₹8,561",4 GB RAM | 128 GB ROM | Expandable Upto 1 TB17.04 cm (6.71 inch) HD+ Display50MP Rear Camera | 5MP Front Camera5000 mAh BatteryMediatek MT6769Z Helio G85 Processor1 Year Manufacturer Warranty for Device and 6 Months Manufacturer Warranty for In-Box Accessories,3.9
271,"REDMI 12C (Matte Black, 128 GB)","₹8,557",4 GB RAM | 128 GB ROM | Expandable Upto 1 TB17.04 cm (6.71 inch) HD+ Display50MP Rear Camera | 5MP Front Camera5000 mAh BatteryMediatek MT6769Z Helio G85 Processor1 Year Manufacturer Warranty for Device and 6 Months Manufacturer Warranty for In-Box Accessories,4.2
272,Kechaoda K66 The Music House 4,"₹1,199",32 MB RAM | 64 MB ROM3.66 cm (1.44 inch) Display1.3MP Rear Camera400 mAh Battery1 year brand Service Center Warranty,4.1
273,"REDMI 12C (Royal Blue, 128 GB)","₹8,505",4 GB RAM | 128 GB ROM | Expandable Upto 1 TB17.04 cm (6.71 inch) HD+ Display50MP Rear Camera | 5MP Front Camera5000 mAh BatteryMediatek MT6769Z Helio G85 Processor1 Year Manufacturer Warranty for Device and 6 Months Manufacturer Warranty for In-Box Accessories,3.6
274,"POCO X5 5G (Wildcat Blue, 128 GB)","₹14,999",6 GB RAM | 128 GB ROM | Expandable Upto 1 TB16.94 cm (6.67 inch) Full HD+ Display48MP + 8MP + 2MP | 13MP Front Camera5000 mAh BatteryQualcomm Snapdragon 695 Processor1 Year Manufacturer Warranty for Phone and 6 Months Warranty for In the Box Accessories,4.1
275,"I Kall King Talking, Contact icon and Auto Call Recording",₹774,32 MB RAM | 64 MB ROM4.57 cm (1.8 inch) Display0.3MP Rear Camera1500 mAh Battery1 Year manufacturing warranty for mobile and 6 months for accessories,4.2
276,"POCO M5 (Yellow, 64 GB)","₹8,499","4 GB RAM | 64 GB ROM | Expandable Upto 512 GB16.71 cm (6.58 inch) Full HD+ Display50MP + 2MP Depth Sensor + 2MP Macro Sensor | 8MP Front Camera5000 mAh Lithium-ion Polymer BatteryMediatek Helio G99 Processor1 Year for Handset, 6 Months for Accessories",4.4
277,"realme C30 (Denim Black, 32 GB)","₹5,999",2 GB RAM | 32 GB ROM | Expandable Upto 1 TB16.51 cm (6.5 inch) HD+ Display8MP Rear Camera | 5MP Front Camera5000 mAh Lithium Ion BatteryUnisoc T612 Processor1 Year Manufacturer Warranty for Phone and 6 Months Warranty for In-Box Accessories,4.3
278,"OnePlus Nord CE 3 Lite 5G (Chromatic Gray, 256 GB)","₹21,999",8 GB RAM | 256 GB ROM17.07 cm (6.72 inch) Display108MP Rear Camera5000 mAh BatteryDomestic Warranty of 12 months on phone & 6 months on accessories,4
279,"SAMSUNG Galaxy F13 (Sunrise Copper, 64 GB)","₹10,999",4 GB RAM | 64 GB ROM | Expandable Upto 1 TB16.76 cm (6.6 inch) Full HD+ Display50MP + 5MP + 2MP | 8MP Front Camera6000 mAh Lithium Ion BatteryExynos 850 Processor1 Year Warranty Provided By the Manufacturer from Date of Purchase,3.9
280,LAVA Hero 600i,₹898,4 MB RAM | 3 MB ROM | Expandable Upto 32 GB4.57 cm (1.8 inch) QVGA Display620 mAh Battery1 year manufacturer warranty for device and 6 months manufacturer warranty for in-box accessories including batteries from the date of purchase,4.3
281,"MOTOROLA e13 (Cosmic Black, 128 GB)","₹8,499",8 GB RAM | 128 GB ROM | Expandable Upto 1 TB16.51 cm (6.5 inch) HD+ Display13MP Rear Camera | 5MP Front Camera5000 mAh BatteryUnisoc T606 Processor1 Year on Handset and 6 Months on Accessories,4
282,"POCO M4 Pro (Yellow, 64 GB)","₹9,999","6 GB RAM | 64 GB ROM | Expandable Upto 1 TB16.33 cm (6.43 inch) Full HD+ AMOLED Display64MP + 8MP + 2MP | 16MP Front Camera5000 mAh Lithium-ion Polymer BatteryMediatek Helio G96 ProcessorOne Year for Handset, 6 Months for Accessories",4.2
283,itel Ace2 Keypad Mobile| 1000 mAh Battery|Expandable Storage 32GB,₹899,4 MB RAM | 4 MB ROM | Expandable Upto 32 GB4.57 cm (1.8 inch) Quarter QVGA Display0MP Front Camera1000 mAh Lithium Ion BatterySpreadtrum Processor12+1 Month Warranty on Device and 6 Months on Accessories Including Battery,4.1
284,"SAMSUNG Galaxy F14 5G (B.A.E. Purple, 128 GB)","₹13,990","6 GB RAM | 128 GB ROM | Expandable Upto 1 TB16.76 cm (6.6 inch) Full HD+ Display50MP + 2MP | 13MP Front Camera6000 mAh BatteryExynos 1330, Octa Core Processor1 Year Manufacturer Warranty for Device and 6 Months Manufacturer Warranty for In-Box Accessories",4.7
285,"realme C30 (Lake Blue, 32 GB)","₹6,499",3 GB RAM | 32 GB ROM | Expandable Upto 1 TB16.51 cm (6.5 inch) HD+ Display8MP Rear Camera | 5MP Front Camera5000 mAh Lithium Ion BatteryUnisoc T612 Processor1 Year Manufacturer Warranty for Phone and 6 Months Warranty for In-Box Accessories,4.3
286,"APPLE iPhone 13 (Pink, 128 GB)","₹55,999",128 GB ROM15.49 cm (6.1 inch) Super Retina XDR Display12MP + 12MP | 12MP Front CameraA15 Bionic Chip ProcessorBrand Warranty for 1 Year,0
287,"SAMSUNG Galaxy F23 5G (Copper Blush, 128 GB)","₹14,999",6 GB RAM | 128 GB ROM | Expandable Upto 1 TB16.76 cm (6.6 inch) Full HD+ Display50MP + 8MP + 2MP | 8MP Front Camera5000 mAh Lithium Ion BatteryQualcomm Snapdragon 750G Processor1 Year Warranty Provided by the Manufacturer from Date of Purchase,0
